V1,V2,V3,V4,V5,V6,V7,V8,V9,V10,V11,V12,V13,V14,V15,V16,V17,V18,V19,V20,V21,V22,V23,V24,V25,V26,V27,V28,V29,V30,V31,V32,V33,V34,V35,V36,V37,V38,V39,V40,V41,V42,V43,V44,V45,V46,V47,V48,V49,V50,V51,V52,V53,V54,V55,V56,V57,V58,V59,V60,V61,V62,V63,V64,V65,V66,V67,V68,V69,V70,V71,V72,V73,V74,V75,V76,V77,V78,V79,V80,V81,V82,V83,V84,V85,V86,V87,V88
-0.1236133145,0.1049935716,-0.1289845158,0.1107560737,-0.1117663221,0.0943396783,-0.0971491965,0.0774876588,-0.0851157277,0.0613643429,-0.0710644029,0.0463878781,-0.0592373585,0.0298423858,-0.0435554143,0.0154410219,-0.0250407268,0.001213206,-0.0072982516,-0.0161797714,0.0149208982,-0.0336504353,0.0475145652,-0.0434098457,0.0829048029,-0.0355658033,0.1099637454,-0.0149737212,0.1226567321,0.0112659292,0.1261786109,0.0365994776,0.1245726642,0.0620194779,0.1218978231,0.0878347362,0.1199446169,0.1125034162,0.1176397362,0.1317716997,0.1065582162,0.155090019,0.1082769441,0.1784069287,-0.2350887694,0.0933464128,-0.2206734348,0.0526754778,-0.206715674,0.0299875883,-0.1953041847,0.0059406001,-0.1826248539,-0.0173239248,-0.1658269715,-0.0391674736,-0.146039262,-0.0597182494,-0.122362113,-0.0760670155,-0.098850325,-0.0904639111,-0.0756227503,-0.1064886919,-0.0493026959,-0.1208663557,-0.0188294918,-0.1319980921,0.014599714,-0.1338520201,0.044583476,-0.1284477898,0.0735812529,-0.1234773943,0.1039740092,-0.1135902299,0.1309830829,-0.0966415504,0.1537389681,-0.0764099486,0.1724377134,-0.0535118933,0.1849937056,-0.029358882,0.1933644099,-0.0078419817,0.1947800698,0.0497374004
-0.1639916156,0.1139526574,-0.1429826844,0.0897529859,-0.1295901003,0.0730400697,-0.1184723219,0.0556113226,-0.1031385763,0.0394905209,-0.0860577137,0.0265442127,-0.0707301597,0.0152398676,-0.0570518324,-0.0033052246,-0.0324236521,-0.0185662022,-0.0053054387,-0.0255722145,0.0207142689,-0.0280510554,0.0469938922,-0.0294508459,0.0736243266,-0.0244655639,0.0986692618,-0.0126964094,0.1178084401,0.0072904949,0.1293056483,0.0321433045,0.1385797322,0.0581964881,0.1406473388,0.0845851516,0.1471317536,0.1079918183,0.1512646171,0.1320345586,0.1507986549,0.1540564885,0.1532713584,0.1776576472,-0.2394790391,0.0707538307,-0.2301533314,0.0436735139,-0.2111842068,0.0234958833,-0.1942498313,0.0027076125,-0.1757723582,-0.0163127197,-0.1564302613,-0.0343147912,-0.1355796397,-0.0504690782,-0.1130084446,-0.0648351585,-0.0904280675,-0.0793571651,-0.0661918588,-0.0910172541,-0.0406999258,-0.0998782396,-0.014477096,-0.1053648464,0.0120244997,-0.106356258,0.0387559848,-0.1040350725,0.0653614024,-0.0994189852,0.0914409197,-0.0928090618,0.1158698395,-0.0813419675,0.1388274088,-0.0663345477,0.1607612482,-0.0495976975,0.1807274792,-0.0309936916,0.1958001474,-0.0085897438,0.2090199332,0.0149153652
-0.1445913109,0.1066615921,-0.1373964517,0.1027452914,-0.1207608057,0.0875619556,-0.1040271761,0.0744544829,-0.0893496937,0.0587560536,-0.0757944469,0.0443533343,-0.0599962708,0.0320471348,-0.0417208512,0.0197619184,-0.022960453,0.005916547,-0.0012898685,-0.0073181781,0.0183172396,-0.0230476922,0.0454832617,-0.035796121,0.0762977869,-0.0258960341,0.1014224188,-0.0106154281,0.1147156602,0.0129386792,0.1182299333,0.0371246615,0.1187309136,0.0631977047,0.1186155536,0.0881383074,0.1158981288,0.1073270319,0.1050481373,0.1344061795,0.1084636913,0.1655669244,0.113527607,0.1747762395,-0.224970532,0.08043742,-0.2142816822,0.0545827996,-0.2021343383,0.0325101995,-0.1868424835,0.0113722575,-0.1716224498,-0.0101564671,-0.1548923024,-0.0304938728,-0.1380397653,-0.0508266705,-0.1187851143,-0.069693681,-0.0988817057,-0.0881204852,-0.0778266697,-0.106359023,-0.05327518,-0.1239950043,-0.0231075824,-0.136558361,0.0087390595,-0.1426317485,0.0436376162,-0.1446725981,0.0796441412,-0.1355110141,0.1100803149,-0.1185760851,0.1334054788,-0.0982006583,0.1538739682,-0.0778274221,0.1733432038,-0.055894586,0.1885266166,-0.0320574475,0.203284986,-0.0085651171,0.213261417,0.0381769806
-0.1564462536,0.1280505457,-0.1310921526,0.0994609391,-0.1197364649,0.0794994514,-0.1104789125,0.0627607479,-0.0956793208,0.0492929059,-0.0827174267,0.0337894038,-0.0675467651,0.019412865,-0.0496020935,0.0062711794,-0.0290002026,-0.0055672548,-0.0053487209,-0.0139453434,0.0193271812,-0.0203977574,0.044547424,-0.0233741404,0.069373502,-0.0171573082,0.0938343657,-0.009043969,0.1185028844,0.0047655225,0.1326260981,0.0317018482,0.1351987797,0.0598736118,0.1379477078,0.0859696735,0.1386119722,0.1107542722,0.1360029162,0.1341131402,0.1413023294,0.1495325844,0.1515946364,0.1648548574,-0.237756765,0.0458925809,-0.2322817989,0.0405657664,-0.2132430177,0.0212175754,-0.1964488274,0.0004058682,-0.1774150033,-0.0180040287,-0.1582961273,-0.0361834358,-0.13663981,-0.0514466892,-0.1157627511,-0.0684425344,-0.0942451407,-0.0846217092,-0.0713039121,-0.1001962846,-0.0446399095,-0.11063554,-0.0165292292,-0.1146368979,0.0111987383,-0.1141789432,0.0384950976,-0.1101652268,0.0658678407,-0.1065655205,0.0920033579,-0.0968512474,0.1156153839,-0.0823251653,0.1398471507,-0.0686415874,0.1620329715,-0.0516949128,0.1831461239,-0.0331276999,0.2010762336,-0.0111937818,0.2140579106,0.0202116387
-0.1601004093,0.1047197561,-0.1424769856,0.0907875006,-0.126743064,0.075431419,-0.1097733831,0.06393445,-0.0955400684,0.049290742,-0.0809032265,0.0351539328,-0.0634120057,0.0239561151,-0.0462557523,0.0104946718,-0.0274899805,-0.0032688041,-0.0051977967,-0.0148216447,0.0172083316,-0.0284542009,0.0451392359,-0.0342840859,0.0733350991,-0.0291196253,0.101159461,-0.019083731,0.1236497096,0.0026645908,0.1353061419,0.0301248372,0.1420592966,0.0579755312,0.1438627596,0.0849914118,0.1433821513,0.1102909095,0.1380919617,0.1341088794,0.1287665886,0.1555235541,0.1442665029,0.1715168761,-0.2372450978,0.0706491643,-0.2300160093,0.0442507127,-0.2146445,0.0212874286,-0.1953621099,0.0025412175,-0.176805343,-0.0163658771,-0.1575884992,-0.0343672526,-0.1352232982,-0.0487993353,-0.1150144287,-0.0667975241,-0.0930737247,-0.0821258634,-0.068348957,-0.0938148581,-0.0431450114,-0.1052234257,-0.0171334371,-0.1153773489,0.01110512,-0.1179384956,0.0394416121,-0.1159860786,0.066426931,-0.1082782393,0.0927733215,-0.0989597575,0.1175184748,-0.0858101265,0.1388013312,-0.067968501,0.159555554,-0.0496412415,0.1776096586,-0.029127136,0.1932763459,-0.0083924568,0.2087574992,0.0343119094
-0.156648092,0.1150329627,-0.1416051777,0.0926634076,-0.1250712169,0.078952635,-0.1079125794,0.0678553071,-0.0913245625,0.053871839,-0.0792765856,0.0372821581,-0.0643423927,0.0233976437,-0.0475439004,0.0095240229,-0.0289366576,-0.0044139731,-0.0074843218,-0.0194237627,0.0191921612,-0.0262314077,0.0456574731,-0.0251892681,0.070205564,-0.0172537643,0.0942826376,-0.0077125488,0.1166498001,0.0072922139,0.1341735152,0.030405288,0.1417118112,0.0586600059,0.1464714976,0.0860814494,0.1435462706,0.1117578197,0.1401243515,0.1365974146,0.1274820622,0.1559968783,0.1329227229,0.173496259,-0.2264763093,0.0684858077,-0.2159196357,0.0516779477,-0.2041708545,0.0280598197,-0.187879799,0.0080359905,-0.1722637798,-0.0136494338,-0.1570871198,-0.0347487924,-0.1389403633,-0.0538280904,-0.1222677194,-0.0736416378,-0.1064437558,-0.0978929692,-0.0773984229,-0.1143374048,-0.0470299334,-0.12477043,-0.0158579609,-0.1264623518,0.0125835729,-0.123259397,0.0405955896,-0.1195648123,0.068733338,-0.1125979408,0.0938825563,-0.0993444782,0.1182341099,-0.0854745334,0.1386505457,-0.0666819549,0.1588639503,-0.0474161775,0.1783815201,-0.0283984006,0.1916117547,-0.0062326638,0.2079243358,0.0333993229
-0.1762963342,0.0991803529,-0.1474227283,0.0813313955,-0.1288321449,0.0717217834,-0.1137687977,0.0589744004,-0.0989018188,0.0448747966,-0.0815263834,0.0341070291,-0.0639050814,0.0237253679,-0.0443101234,0.0140181346,-0.0252050624,0.0001142286,-0.0064840235,-0.0164618202,0.0187687532,-0.0234214691,0.0443346389,-0.0247537042,0.0693840263,-0.0192928588,0.0925821095,-0.0082073326,0.1139363995,0.0070943905,0.1316993426,0.0281369165,0.1446920905,0.0537722934,0.1520032413,0.0813306333,0.1542998812,0.1088231566,0.1510878038,0.1358272831,0.1438998596,0.1548514058,0.1489047481,0.1640596642,-0.2402797796,0.0570793864,-0.2345723766,0.040381024,-0.2157307573,0.0193190489,-0.1960014462,0.0013645465,-0.1768704637,-0.0166112177,-0.1552115032,-0.0312910041,-0.1351661059,-0.0478779509,-0.1116135608,-0.0594279567,-0.0883764225,-0.0741409679,-0.0654235388,-0.0878464447,-0.0413024504,-0.0991192171,-0.015577689,-0.107764046,0.0098436813,-0.1162036749,0.038073668,-0.1192049203,0.0669154701,-0.1127850384,0.0915698205,-0.0991105379,0.1152898883,-0.0850272906,0.1370003269,-0.0682108707,0.1561991234,-0.0483380643,0.1765359964,-0.0294365158,0.1944590645,-0.0096673422,0.2112986583,0.0241130067
-0.1817413374,0.1058902007,-0.1497415897,0.0828705864,-0.1362969577,0.0662104556,-0.1189213931,0.0522712152,-0.1009716129,0.0407272527,-0.0823634356,0.0335060524,-0.0647733614,0.0230817712,-0.0455125978,0.0134997186,-0.0247984055,0.0033362063,-0.0022762672,-0.0078003011,0.0197037151,-0.0195648034,0.0441829176,-0.024000649,0.070375986,-0.0229948166,0.0957070482,-0.011863517,0.1148535176,0.0078352985,0.1284252469,0.03193071,0.1350270548,0.058955576,0.137440504,0.085212386,0.1390143284,0.1096542086,0.1448019187,0.1318962284,0.1455702972,0.1522510592,0.1513408751,0.1683481794,-0.2292129414,0.0627644103,-0.2226578479,0.0462271364,-0.2111791358,0.0226740488,-0.1954806013,0.0015765372,-0.1786851772,-0.0188994738,-0.1572366063,-0.0339763222,-0.1360891323,-0.0490330471,-0.1122236296,-0.0602390458,-0.0885525456,-0.0740881917,-0.0647774089,-0.0871315112,-0.0398513318,-0.0995811884,-0.0173613087,-0.1140654285,0.010662562,-0.1205206448,0.0386915615,-0.1138339959,0.0645474418,-0.1045682297,0.0906219173,-0.0953648858,0.1159927156,-0.0843676387,0.1406315302,-0.0711945955,0.1626123643,-0.0536276946,0.1840284079,-0.0355200428,0.2056372008,-0.0155362759,0.2208355143,0.0170530614
-0.1527722911,0.1049794511,-0.1383544981,0.0952110778,-0.1234981329,0.0785561905,-0.1098144191,0.0633417299,-0.096027702,0.0485361561,-0.0827363066,0.0327144688,-0.0655483205,0.0199796703,-0.0478155704,0.007332428,-0.0289445294,-0.0075766028,-0.0045898895,-0.0178551324,0.0211135571,-0.0231652277,0.046896101,-0.0234876151,0.0719766341,-0.017788617,0.0961124146,-0.0078928797,0.113223271,0.0114702703,0.1240393209,0.0351220693,0.1308978764,0.0609546672,0.1350960207,0.0862039051,0.1347526783,0.1106791842,0.1360431511,0.1341775374,0.1319503407,0.156531899,0.1535810033,0.1765569466,-0.2328828702,0.0761463877,-0.2238664523,0.047733026,-0.2079761589,0.0266075161,-0.1916890095,0.0052754085,-0.1764020178,-0.0163079895,-0.1588300916,-0.0361962579,-0.1402232064,-0.055636676,-0.1184485288,-0.0721774934,-0.0964089757,-0.0889193499,-0.0713140963,-0.1018427082,-0.0453630005,-0.1148427858,-0.0158087721,-0.1206099235,0.0128799105,-0.1192080284,0.0410409316,-0.1164050107,0.0681920226,-0.1086744464,0.0940005833,-0.097881619,0.1184675616,-0.0845064721,0.1421082371,-0.0695405128,0.1636514203,-0.051620187,0.183784909,-0.0322675636,0.1994741817,-0.0098884562,0.2100327132,0.0161815653
-0.1276877583,0.1079358815,-0.1257069236,0.1063414811,-0.1106051765,0.0884002048,-0.0990895888,0.070349706,-0.0894810084,0.0541638864,-0.075674545,0.0407758366,-0.0592695978,0.0281040359,-0.0428202258,0.0138078698,-0.0241294298,0.0007732969,0.0001564103,-0.0050210977,0.023112733,-0.0164616861,0.0471349681,-0.0188103025,0.0713521794,-0.0141244305,0.0933855736,-0.0030996294,0.1111338586,0.0144383776,0.1264371059,0.0354702862,0.137178024,0.0599416402,0.1371833892,0.0861310011,0.138389648,0.1104396576,0.1322261829,0.1308183042,0.1135872767,0.1540975925,0.1272542082,0.1735158019,-0.23480894,0.0826914393,-0.2235729328,0.0480853431,-0.2120849483,0.024219305,-0.1961811916,0.0027343377,-0.1823857657,-0.0198183998,-0.1660652545,-0.041780703,-0.1463383289,-0.0622389264,-0.1239669451,-0.0787752601,-0.1025407522,-0.0967722378,-0.077032692,-0.1121150083,-0.0499682057,-0.1251695571,-0.0180665625,-0.1358462806,0.0156097331,-0.1336903168,0.0444291627,-0.1266931428,0.0730229407,-0.1184100724,0.0975695411,-0.1034565839,0.1230424991,-0.0905043356,0.1441599534,-0.0711300416,0.1625470609,-0.0504236392,0.1775640211,-0.0280217347,0.1910420914,-0.0067089326,0.1999582123,0.0258370338
-0.1728350396,0.0993487819,-0.148301948,0.08141904,-0.1312674893,0.0682961158,-0.1150483858,0.0556231072,-0.0980638957,0.0444899934,-0.0811012121,0.0335629645,-0.0633282632,0.0233232863,-0.0443661885,0.0137821045,-0.0220672064,0.0057136637,-0.0019300801,-0.0090724817,0.021222054,-0.0154085687,0.0448949011,-0.0185335186,0.0688969527,-0.0132450117,0.0934235572,-0.0081532184,0.1168921944,0.0046113181,0.133471993,0.0284663966,0.1410537201,0.0564571428,0.1432769682,0.0832696019,0.1437268815,0.1084758072,0.1392539685,0.1325988423,0.1301973539,0.1532657651,0.13644894,0.1681937987,-0.2437995332,0.0624958662,-0.2319925942,0.0425172463,-0.2154182951,0.0199290497,-0.1945622859,0.0030323336,-0.1752104081,-0.0146817255,-0.1540745286,-0.0305947945,-0.1349602639,-0.0490055775,-0.1136379224,-0.0643992667,-0.0910083226,-0.078431963,-0.0673412684,-0.0908529739,-0.041618522,-0.0992243267,-0.0156780738,-0.1070446604,0.0106801799,-0.1099228582,0.037407039,-0.1074315394,0.0640344469,-0.1020577985,0.0906165152,-0.0953875706,0.1169085229,-0.0875672021,0.142535061,-0.0757425307,0.1656099084,-0.0589598379,0.1878559796,-0.041088173,0.2091525376,-0.019456803,0.2200520518,0.007390175
-0.1859572123,0.098021831,-0.1531970654,0.0745246749,-0.1369010308,0.0606901171,-0.1193059795,0.0478584448,-0.1008636491,0.037734145,-0.0827944601,0.0297960547,-0.0647544749,0.0208415698,-0.0452009039,0.0132871497,-0.0235803642,0.0060409951,0.0017338794,-0.0050336978,0.0186108918,-0.0236698106,0.0441557675,-0.0245017816,0.0691398644,-0.0198876962,0.0923974935,-0.0091504275,0.1143292424,0.0052891046,0.1329877498,0.026438299,0.1434943617,0.0539559269,0.1483646521,0.0811048955,0.1506038207,0.10675445,0.1499668705,0.132530993,0.1457286853,0.1467696958,0.1608905623,0.1629852324,-0.249364093,0.0589209145,-0.2394114341,0.0351443995,-0.2163842663,0.0167613033,-0.1958873855,0.00057548,-0.1761906933,-0.0165403457,-0.1551762635,-0.0317772514,-0.1341143292,-0.0469861483,-0.111905238,-0.0601118419,-0.0881403764,-0.0717966513,-0.0649712413,-0.0836326031,-0.0411609348,-0.0900649888,-0.0150049096,-0.0934110244,0.0113970568,-0.0966674788,0.0374478796,-0.097600996,0.0629821505,-0.0970455271,0.0882191359,-0.0914382127,0.1133631633,-0.0817386727,0.1385462719,-0.0713730537,0.1621437838,-0.0569048359,0.185102423,-0.0400429915,0.2047404839,-0.0184005482,0.2239201155,0.0117509087
-0.1507197011,0.1000714526,-0.1395229944,0.0933569346,-0.1231431359,0.0785619838,-0.1080127547,0.065081768,-0.0916695144,0.0531535757,-0.0765686109,0.0400517365,-0.0590607499,0.0305479548,-0.0403505033,0.0201490732,-0.018111965,0.009378102,0.0004326348,-0.007332971,0.0216741777,-0.0159436507,0.0452658715,-0.0146035415,0.0699340838,-0.0110977518,0.0937812039,-0.006184961,0.1092207366,0.0126916862,0.1198449668,0.0355193185,0.1265381229,0.0617492233,0.135474345,0.0860109049,0.1406729911,0.1094921436,0.1438864981,0.1331654415,0.1413919806,0.1533273942,0.1513675648,0.1751404626,-0.2294072769,0.0667853197,-0.2247265489,0.0458239141,-0.2127261113,0.0221659736,-0.193721687,0.0031895414,-0.1769376881,-0.017407828,-0.1596989445,-0.0375253562,-0.1413083444,-0.0568699509,-0.1215920787,-0.0752674325,-0.1014597226,-0.0939350546,-0.07725091,-0.1117055583,-0.0484451391,-0.1237728491,-0.0166013955,-0.1315292028,0.0140078016,-0.1269137555,0.0419775017,-0.1219381284,0.0692872059,-0.1132022405,0.0947171178,-0.10089857,0.1185644472,-0.0863489787,0.140773169,-0.0695195601,0.1603647994,-0.0500214637,0.1777893912,-0.0292285445,0.192347951,-0.0069169031,0.2017212141,0.012750348
-0.1591359241,0.0998229338,-0.1446500818,0.0871377234,-0.127493659,0.073087713,-0.1100574832,0.0627984993,-0.0948139759,0.0495347376,-0.0778391645,0.0387027918,-0.0609814397,0.0264313878,-0.0437295922,0.0134182009,-0.0246167561,0.0012841086,-0.0022271483,-0.008043258,0.0208666676,-0.0154472551,0.0449845054,-0.0152971606,0.0696658382,-0.0144680343,0.0941363074,-0.0098343782,0.1181940071,0.0029645814,0.1376006596,0.026317075,0.1456057587,0.056038396,0.1475278736,0.0844226872,0.142362487,0.1094829415,0.1322390437,0.1313371304,0.1343444714,0.152591167,0.1467034646,0.1663966745,-0.2386703796,0.0604586428,-0.2271950636,0.0457579866,-0.2123094195,0.0228356531,-0.1970770554,0.0009923541,-0.1805314934,-0.0201109004,-0.1609726512,-0.0385496175,-0.1406890992,-0.0559277949,-0.1191357672,-0.0731107739,-0.0939419359,-0.083635611,-0.0706779881,-0.0982710071,-0.0454415379,-0.1115908977,-0.0169284968,-0.115324131,0.0108067547,-0.1151001352,0.0379349466,-0.1110717112,0.062688421,-0.1009575125,0.0883731124,-0.0886184723,0.1155072713,-0.0832321939,0.1392783606,-0.0698707242,0.1609452375,-0.0524952115,0.1814572688,-0.0336798168,0.2003918082,-0.0131600434,0.2175018474,0.0159832548
-0.1406684659,0.1070414507,-0.1331140437,0.1034034295,-0.1193349373,0.0843845552,-0.1076038182,0.0683351194,-0.0936017847,0.0540991122,-0.0790354159,0.0397643484,-0.0643033249,0.0251760067,-0.0472002679,0.0114657585,-0.0292259097,-0.0030069677,-0.0095007792,-0.0209175624,0.0180448351,-0.0301578134,0.0464840906,-0.0334499011,0.0746127885,-0.0278229814,0.1013288315,-0.0175614076,0.1280225834,0.0006686996,0.1435972613,0.0327258972,0.137819195,0.062054391,0.1339550581,0.0868423721,0.1276988721,0.1086073865,0.1195934092,0.1291160526,0.1075940377,0.154922624,0.1139895402,0.1667177299,-0.2273470334,0.0863215889,-0.2242936654,0.0481090718,-0.2122818231,0.0260322689,-0.1951290836,0.005528538,-0.1784062969,-0.0153223741,-0.1617981196,-0.0364910014,-0.1401846765,-0.0528855822,-0.1197146633,-0.0707390776,-0.0976211531,-0.0876750755,-0.0722327214,-0.1013115714,-0.0450594151,-0.1102168305,-0.0179833143,-0.118480336,0.0106070727,-0.1251384886,0.0416837286,-0.1239620172,0.0704999626,-0.1152511254,0.0972869921,-0.1036732379,0.1212692788,-0.0886093732,0.147101564,-0.0751350103,0.1678488892,-0.0541165927,0.1865449414,-0.0327859621,0.2016619644,-0.0095937015,0.2183958169,0.0529875904
-0.1614315408,0.1081093466,-0.1406023606,0.0891543123,-0.1234974527,0.076282816,-0.1065917544,0.0668579523,-0.0884396837,0.0570861983,-0.072748079,0.0442035069,-0.0557794249,0.0345072987,-0.0354100777,0.0218867153,-0.0195947061,0.0050041672,-0.0009880828,-0.0069771918,0.0209257167,-0.0137697689,0.0445877281,-0.0145742129,0.0683368065,-0.0141546736,0.0911712993,-0.0062571693,0.1126805719,0.0072998093,0.1278117479,0.0296162261,0.1383253126,0.0553199291,0.142070009,0.0818128348,0.1445542069,0.107043175,0.140904959,0.1318866986,0.1338134982,0.1504431605,0.1513013521,0.1629484326,-0.2452853851,0.0524313584,-0.2359059235,0.0375428664,-0.2213903615,0.0130424565,-0.2015570893,-0.006492661,-0.1831559287,-0.0264798049,-0.1609447958,-0.0419955699,-0.1391112627,-0.0566891806,-0.1161914548,-0.0701632991,-0.0935049736,-0.0845523536,-0.0682259977,-0.0943394694,-0.0427176019,-0.1040936941,-0.0164048123,-0.1107120022,0.0105316271,-0.1113677214,0.0376433199,-0.1095510854,0.064632335,-0.1067023293,0.0908930118,-0.0985946329,0.1159820977,-0.0870699075,0.1402858242,-0.07322583,0.1607819836,-0.0541925002,0.1802572441,-0.0345768598,0.1968945117,-0.0121433739,0.2150935864,0.0061960307
-0.146274559,0.108890193,-0.1358956367,0.1034126695,-0.1213350548,0.0854857687,-0.1060345065,0.0715587904,-0.0928225869,0.0559495767,-0.0772724802,0.0430955303,-0.0615331943,0.0294239237,-0.0439096202,0.0168753251,-0.0233424504,0.005213071,-0.0023002063,-0.0099055242,0.0123638898,-0.0313541706,0.0448141648,-0.0434666753,0.0813347621,-0.0370124461,0.1079146247,-0.0161851873,0.1252075728,0.0088482964,0.1295598573,0.036272984,0.1302925555,0.0627483319,0.1269693868,0.0878284719,0.1240297959,0.110778519,0.1177364355,0.1290485056,0.1043429909,0.1521907556,0.102944727,0.1789824509,-0.2334000178,0.085537687,-0.2210380314,0.0526401935,-0.2049554574,0.0330842637,-0.1875005151,0.011082148,-0.1736734102,-0.0116181177,-0.1564616451,-0.0311001048,-0.1374484055,-0.0499585972,-0.1182398359,-0.0691202538,-0.0963160316,-0.0860548054,-0.0715113906,-0.0998722926,-0.045694202,-0.1115890734,-0.0217813487,-0.1223790601,0.0019251699,-0.1406930213,0.0438074387,-0.1481554306,0.0824823378,-0.1340511898,0.1091549189,-0.1154394636,0.1325460502,-0.0967500412,0.1521550056,-0.0745531158,0.1679835316,-0.0513217313,0.1819355814,-0.0277720524,0.1956700035,-0.0064210334,0.2035697859,0.0458259319
-0.1572873125,0.1101568034,-0.1395098119,0.0932446265,-0.1235265517,0.0781324404,-0.1092958836,0.0635712725,-0.0926522352,0.0523214178,-0.0765257918,0.0396329301,-0.0603947293,0.0268192323,-0.0417693598,0.0138203221,-0.0300778362,-0.0057806932,-0.0078844631,-0.023685971,0.0204000021,-0.0272609867,0.0465221195,-0.0269375846,0.0721770822,-0.0216612926,0.0970454981,-0.0119172492,0.1193594817,0.0051748537,0.1330854229,0.0304093735,0.141299595,0.0577560811,0.142643003,0.0847096693,0.1420935329,0.1095557397,0.1394941167,0.1338703776,0.1278518208,0.1529896321,0.1226703971,0.1761520584,-0.2448226554,0.0684109957,-0.2318708491,0.0424245404,-0.2112018837,0.0239468972,-0.1937792537,0.0034722131,-0.1763712858,-0.0164510935,-0.154975868,-0.0319192607,-0.1348792797,-0.050078991,-0.1169930371,-0.0700335894,-0.0948330183,-0.0858211439,-0.0720036575,-0.1023404853,-0.0442431179,-0.1126485976,-0.0157847287,-0.1137441078,0.0113694047,-0.1099743679,0.0391234,-0.1086109377,0.0663618602,-0.1061529347,0.0931286114,-0.098938838,0.1198057142,-0.0895506392,0.1436311295,-0.0734098418,0.1647443797,-0.0543211803,0.18134627,-0.0321979208,0.1968300357,-0.009687422,0.209699732,0.0165536521
-0.1666277247,0.1070202142,-0.1431408527,0.089044349,-0.1263413099,0.0752669151,-0.1113651609,0.0614608429,-0.0961736169,0.0481508903,-0.0810469787,0.0346602906,-0.0658803111,0.0204019492,-0.046791354,0.0097413996,-0.026127157,7.66392000108983E-005,-0.0026329482,-0.0083489864,0.0199775588,-0.0199430968,0.0441796685,-0.0269769611,0.0702826553,-0.0224871767,0.0953307711,-0.0136089851,0.1200517541,0.0018938556,0.1334420548,0.0283869699,0.1450447365,0.0545940671,0.1500755492,0.0833433752,0.147832639,0.1107249139,0.1391925086,0.1337858623,0.1318187446,0.1538280367,0.1379431665,0.162591702,-0.2463259491,0.0544596426,-0.2343004234,0.0390488147,-0.2144699332,0.0203168105,-0.1961092073,0.0011043008,-0.1780918629,-0.0182526585,-0.159119171,-0.0367388136,-0.136550921,-0.0500251169,-0.1138835558,-0.063731536,-0.0903077998,-0.0758509224,-0.0657543381,-0.0873783797,-0.041134473,-0.0982227058,-0.0155351118,-0.1055756457,0.0106036197,-0.1097812211,0.0373896558,-0.1086704073,0.0640400645,-0.1037675279,0.0902829132,-0.0957994779,0.116389223,-0.0869470889,0.141563945,-0.0737603922,0.1617257717,-0.0539636408,0.1839594405,-0.0366801589,0.2016385448,-0.0140789074,0.2149451753,0.0206879655
-0.1452284237,0.1103022243,-0.1350357261,0.1006938262,-0.1191596871,0.0845574166,-0.1059784224,0.0689115496,-0.0912388443,0.0549778553,-0.0776343518,0.0397985397,-0.062516463,0.025953679,-0.0456588131,0.0122829008,-0.0244171781,0.002545577,-0.0032031464,-0.0111229383,0.0205889035,-0.0206931688,0.0462329178,-0.0248744878,0.0725570425,-0.0203950656,0.0972281419,-0.0091316678,0.1166431692,0.0102054339,0.1248246014,0.0355186558,0.1286029723,0.0614904753,0.1268036638,0.0863804394,0.1243485064,0.111262724,0.1238979511,0.1308460079,0.1076676057,0.1525835984,0.114053025,0.1755599814,-0.2323249947,0.0760610139,-0.2211355982,0.0503295248,-0.2060193228,0.028032863,-0.1933608251,0.0048268685,-0.1767005447,-0.0156510256,-0.1613181032,-0.037296779,-0.1425055001,-0.0568961583,-0.1208902482,-0.0750259339,-0.0960801855,-0.0874673135,-0.0727467973,-0.1030649048,-0.0455413717,-0.1143128084,-0.0169245888,-0.1206301879,0.0122968961,-0.1234547651,0.0416092618,-0.1200414318,0.068710217,-0.1126902718,0.0972004238,-0.1080181297,0.1256857758,-0.0948961193,0.1479416564,-0.0753283107,0.1694902409,-0.0574083025,0.1916872157,-0.0390785611,0.2135539001,-0.0159887967,0.2239950482,0.0203459736
-0.164231517,0.0978474769,-0.1458660507,0.0824467141,-0.1296045081,0.0677540824,-0.1132042191,0.0554207778,-0.0971989757,0.04336172,-0.0805958932,0.031450621,-0.0618561706,0.0234784075,-0.0435642268,0.0120711749,-0.0233706957,0.0021570063,-0.0015677818,-0.007098399,0.0213908386,-0.011878996,0.0439432368,-0.0127310447,0.0668062567,-0.007477489,0.0897745696,-0.0012871915,0.1102607338,0.0104592315,0.1273060787,0.0295933638,0.1393449437,0.053769152,0.1485380934,0.0783689453,0.1548703532,0.1036118612,0.1566204652,0.1295786532,0.1549290062,0.1445029582,0.1661894551,0.1637550588,-0.2437607281,0.058879122,-0.2379268645,0.0389677599,-0.2248388949,0.0112025166,-0.2027188846,-0.0090329951,-0.1827886153,-0.0262611122,-0.162740578,-0.0433543783,-0.1417909752,-0.0602438116,-0.1184045317,-0.0752772582,-0.0929428433,-0.0835920508,-0.0680007431,-0.0902672754,-0.0428018052,-0.0911868256,-0.0157142754,-0.0923182762,0.0110010176,-0.0932800161,0.0371398635,-0.0927756632,0.0624321896,-0.0907346908,0.0876518476,-0.0851565256,0.1135818824,-0.078044436,0.1391254746,-0.071859753,0.1628081173,-0.0574460934,0.1845462451,-0.0394094727,0.2046978031,-0.0185226956,0.2125313061,0.0005598464
-0.1559540858,0.1000503137,-0.146998946,0.0923566077,-0.1291921993,0.0792377979,-0.1143312197,0.0647905037,-0.0994953192,0.0504692055,-0.0833974964,0.0375239639,-0.0679942163,0.0225656808,-0.0475295789,0.0135143704,-0.0274446186,0.0012752142,-0.0043744229,-0.0088624722,0.0200860082,-0.0179875793,0.0418095152,-0.0332537285,0.0738594366,-0.0318970463,0.1036453932,-0.0203453178,0.1302204971,0.0022087351,0.1399113734,0.0355794455,0.1328616689,0.0622809817,0.1282127988,0.0870895482,0.1228701919,0.1097485946,0.1174422612,0.1267899335,0.0989317724,0.1493220782,0.1020930401,0.1724670796,-0.2310548451,0.0752484797,-0.2211349077,0.0534580512,-0.2073158128,0.0309139273,-0.192487834,0.0095936731,-0.1744881884,-0.0093682972,-0.1563418619,-0.0275463668,-0.1335280071,-0.0412176372,-0.1123483208,-0.058795528,-0.0898279091,-0.0729289545,-0.0662383675,-0.0869666041,-0.0418839401,-0.0994849754,-0.0163277693,-0.1097557254,0.0084997809,-0.1193869928,0.03521991,-0.129820227,0.0694535027,-0.1309835929,0.1018080373,-0.1216912721,0.1335048962,-0.1089114759,0.1600223031,-0.0868848119,0.1819379479,-0.0628503615,0.1962939959,-0.0365944475,0.2089418767,-0.0104310294,0.2120636594,0.049480258
-0.1444861837,0.0994598258,-0.1404616422,0.0966699844,-0.1239100773,0.081530204,-0.1121304897,0.0645288281,-0.0977099455,0.0495252927,-0.0816041676,0.0365156408,-0.0661011157,0.0227346496,-0.0496075311,0.0067108541,-0.028281703,-0.003130677,-0.0103996873,-0.0233306757,0.0191998506,-0.0321591127,0.0478823521,-0.0342803958,0.0771095612,-0.0293683514,0.1043648537,-0.0151198514,0.1230093402,0.0083379559,0.1305705229,0.0350830333,0.1337102582,0.0620257603,0.1339982029,0.0879976115,0.1332530311,0.1119856417,0.1290810031,0.1332982964,0.1168442896,0.158722214,0.1286493234,0.1892774826,-0.2235514933,0.0904792156,-0.2160969213,0.0525182364,-0.2046195831,0.0314129731,-0.1900142809,0.0096076414,-0.1745854818,-0.0118322863,-0.1581799197,-0.0325712091,-0.1391902805,-0.051472509,-0.1186654445,-0.0692278553,-0.0986612073,-0.0882906519,-0.0738456956,-0.1040633035,-0.046566542,-0.1154167613,-0.0181913882,-0.123787625,0.0116617862,-0.1282374145,0.0426087227,-0.1269382109,0.0727926307,-0.1195962987,0.0999168836,-0.1066865879,0.1248648442,-0.0915962462,0.1479987201,-0.0733949294,0.1657107944,-0.0511233411,0.180597118,-0.0284421253,0.1924143763,-0.0069964022,0.2006223157,0.0386414798
-0.1592535065,0.1048167393,-0.1438434729,0.0912102052,-0.1270308824,0.0770433876,-0.1120980185,0.0629807232,-0.095015529,0.0517455705,-0.0806149063,0.0370824191,-0.0637256588,0.0253302218,-0.045115226,0.0142023621,-0.0249734562,0.0030869771,-0.0022008118,-0.0074201946,0.020117398,-0.0192102058,0.0447733198,-0.0238561189,0.070774258,-0.0256023799,0.0991070511,-0.0192169299,0.1267573645,-0.0009517896,0.14212351,0.0307336172,0.1394646057,0.0610688638,0.1338998087,0.0855193732,0.1280254278,0.106808418,0.1155484722,0.1295227246,0.113683191,0.1601819097,0.122523933,0.1638710956,-0.2417884828,0.0720693576,-0.2288595909,0.0460094671,-0.2092159222,0.0277268527,-0.1906967716,0.0078254996,-0.172928792,-0.012019654,-0.1553910585,-0.0309523429,-0.1339375525,-0.0458641472,-0.1121347676,-0.0627750429,-0.0922632595,-0.0809229843,-0.0702995379,-0.0969090273,-0.0452829279,-0.110206254,-0.0171060308,-0.1153733498,0.0108846293,-0.1187108371,0.0391179562,-0.1172724023,0.0670765944,-0.1145946706,0.0958768822,-0.1091050978,0.1242720238,-0.0973533633,0.1498104294,-0.079645179,0.1699518822,-0.0578475509,0.1879794244,-0.0358231154,0.203111654,-0.0118145516,0.2188963468,0.0346114043
-0.1577298116,0.1046489425,-0.1429840801,0.0878276909,-0.1280820401,0.0715385466,-0.1134454719,0.0572186356,-0.0990452406,0.0422474251,-0.0822290854,0.0300974069,-0.0658268297,0.0168189883,-0.0467308179,0.0064020522,-0.0283823527,-0.00883186,-0.0037794055,-0.0177704685,0.021416027,-0.0223817857,0.0440850739,-0.0158220525,0.0671940444,-0.0075397351,0.090309899,0.0021042491,0.1114636919,0.012173577,0.1251802063,0.0333510981,0.1375498303,0.0569295585,0.1455404732,0.0818127768,0.1508758954,0.1063801257,0.1533594209,0.1324181104,0.1485220713,0.1468015258,0.1683586744,0.1685525547,-0.2382923929,0.0701407219,-0.2297690305,0.043193968,-0.2148974077,0.0197802991,-0.1995242806,-0.0018127318,-0.1844231321,-0.0253556799,-0.1619195395,-0.0429730168,-0.1399913725,-0.05779799,-0.1183899963,-0.0745000182,-0.0935213248,-0.0865485174,-0.0678505868,-0.0958685108,-0.0415210276,-0.1027868877,-0.0151143849,-0.1065139779,0.0114647471,-0.1039437509,0.0382618316,-0.1026141982,0.0630740538,-0.0962662733,0.0876001054,-0.0858743203,0.1125224092,-0.0748930374,0.136534471,-0.0625955127,0.1597571048,-0.0485253883,0.1827902645,-0.0336772554,0.2057570857,-0.0168268453,0.2118322306,0.001281561
-0.1514056494,0.0995764472,-0.1409158411,0.0915373631,-0.1248865074,0.0766605197,-0.1103459583,0.0622652438,-0.0951850849,0.0488109505,-0.0806896485,0.0342335579,-0.0625133928,0.0239830982,-0.0453220675,0.01055671,-0.027214127,-0.0039405823,-0.0052896662,-0.0178689862,0.0206304417,-0.0233492563,0.0462249686,-0.0235589297,0.0717082283,-0.0197220298,0.0951213265,-0.0082808751,0.1142946609,0.0095029183,0.1286845491,0.032196314,0.1375908697,0.0582233096,0.1404161579,0.0844585794,0.1442527047,0.1090154737,0.1431431517,0.1336212876,0.1382874569,0.1543610592,0.1450432028,0.1816741975,-0.2311000545,0.0695810211,-0.2276288305,0.045626287,-0.2159557203,0.0209385734,-0.1986238529,0.0001050459,-0.1834666922,-0.0222404611,-0.1630054402,-0.0416012837,-0.1403333334,-0.056760316,-0.1172087146,-0.0703868242,-0.0943538816,-0.0853900462,-0.0684610098,-0.0948810117,-0.0426121075,-0.1049032574,-0.0160321383,-0.1131496215,0.0116695137,-0.1138798212,0.0386187637,-0.1087981616,0.0653559268,-0.102961705,0.0912279709,-0.0942368774,0.1158715625,-0.0821491866,0.1399513952,-0.068583223,0.1625285007,-0.0524418892,0.1832974933,-0.0338104404,0.1972017048,-0.009428361,0.2114291685,0.0053951893
-0.1508842384,0.1009135976,-0.1413395282,0.0926709718,-0.1246720376,0.0782990033,-0.1097280147,0.0641516153,-0.0953453909,0.0497970689,-0.0784914925,0.0381107408,-0.0637359772,0.0233479275,-0.045765149,0.010675459,-0.0246575681,0.0017107834,-0.0002178693,-0.0061169462,0.0210349013,-0.020580955,0.0463100771,-0.0212697595,0.0712924037,-0.0166780267,0.0942145363,-0.0055932962,0.1108212406,0.0127418876,0.1187767913,0.0363878447,0.1250219134,0.0625037019,0.1302427157,0.0875817018,0.1327659403,0.1121081869,0.1377315066,0.1346060702,0.133982347,0.1561604749,0.1452456729,0.1798215012,-0.234597297,0.0670716944,-0.2234974613,0.0505721851,-0.2038619301,0.0321399866,-0.1852654195,0.011151673,-0.1689186931,-0.0112829649,-0.1568025017,-0.0342195626,-0.1408608362,-0.0547910325,-0.12336918,-0.0765406411,-0.0993192907,-0.0922009523,-0.0758567064,-0.1083681398,-0.0473403013,-0.1218511939,-0.0162635187,-0.1254001915,0.0133062298,-0.1250387301,0.0413323898,-0.1193162599,0.0689746108,-0.113972368,0.0966894309,-0.1052746377,0.1231466614,-0.0918888711,0.1452592859,-0.0730045792,0.1645430607,-0.0525292797,0.1831336684,-0.0317409098,0.2002285515,-0.0103293575,0.2067364663,0.0154645793
-0.1652953772,0.100877259,-0.146632238,0.0878463416,-0.136012875,0.0709033108,-0.1230292146,0.0521681362,-0.1053063779,0.0371744185,-0.0880184036,0.0245314775,-0.0701894903,0.0129232675,-0.0505301209,0.0004699321,-0.0288149927,-0.0075471079,-0.0076709132,-0.0220315198,0.0200068802,-0.0314593665,0.0481951317,-0.0289011599,0.073036143,-0.0198574843,0.0951186627,-0.0064083391,0.1158121661,0.0097463282,0.1291970989,0.0332523679,0.1382882454,0.0591752591,0.145063322,0.0845936593,0.1503965951,0.1085711084,0.1558461717,0.1342531136,0.1503895551,0.1576902091,0.1513330814,0.1802004266,-0.2381096689,0.073351696,-0.2278309045,0.0475844559,-0.2072331959,0.0312534028,-0.1861119155,0.0134525077,-0.1675554996,-0.0073009353,-0.1508220549,-0.0275664951,-0.1323062313,-0.0458893294,-0.1129578349,-0.0638989942,-0.0911728103,-0.0791116235,-0.0668240677,-0.0919996627,-0.0431562187,-0.1063108319,-0.0181644802,-0.1197049008,0.0113119461,-0.12434492,0.0414072119,-0.1238189965,0.0713122863,-0.1159822391,0.0949367342,-0.0997122074,0.1178854627,-0.0844100051,0.1387675911,-0.0667098177,0.1563731955,-0.0462673465,0.1729083005,-0.0243857347,0.1880063989,-0.0052104256,0.1981527051,0.0288107655
-0.1396692772,0.1042127429,-0.1358143144,0.0995495049,-0.1192779998,0.0843548653,-0.1060562676,0.0682289973,-0.092009179,0.053731098,-0.0779901172,0.0390511043,-0.0620538557,0.0257547973,-0.044976791,0.0119852733,-0.0229689494,0.0033450407,-0.0028914498,-0.0123424924,0.0212055289,-0.0225596798,0.0475339098,-0.024083644,0.0727740987,-0.0174832402,0.0970166283,-0.0073754592,0.1156789616,0.011325071,0.1274278347,0.0350376422,0.13116487,0.0617490207,0.1353483801,0.0870705718,0.1317533473,0.1093795353,0.1243675012,0.1330656423,0.1231084447,0.1570366995,0.1221494026,0.176758919,-0.2339852372,0.0868763297,-0.2140833948,0.0548897484,-0.2036589443,0.0295451818,-0.1893242031,0.0078981942,-0.1765191009,-0.0150416014,-0.1622291394,-0.0371652421,-0.1447266525,-0.0586668745,-0.1220355884,-0.0766189846,-0.0975819947,-0.09065373,-0.0741074188,-0.1033667969,-0.0522918158,-0.1231436248,-0.0202527887,-0.133825448,0.0109708215,-0.1380953813,0.0468035177,-0.1386099402,0.0775587811,-0.1226903166,0.1015123931,-0.107054891,0.1239192389,-0.0900725786,0.1456622872,-0.0716725383,0.1623027166,-0.0496024215,0.1764812958,-0.0264493539,0.1916941125,-0.0040891694,0.2080704074,0.029817429
-0.1512088575,0.1108388605,-0.1328635446,0.1005407735,-0.1190759315,0.08088741,-0.1088066976,0.0636849621,-0.096769633,0.047603993,-0.0829788806,0.0319276256,-0.0652350202,0.0176263059,-0.0431974852,0.0126161176,-0.0322250565,-0.007745764,-0.0095941698,-0.0268939345,0.0193767747,-0.0345183013,0.048443261,-0.0379993407,0.0779139787,-0.0303670356,0.1022815875,-0.0145124259,0.120557032,0.0068889491,0.1302120095,0.0326536905,0.1369543544,0.0592603381,0.1393174363,0.0853416296,0.1384552217,0.1099927648,0.1385677536,0.1337535235,0.1318633332,0.1555963871,0.1385259299,0.1786667669,-0.2432351639,0.0764574458,-0.2302678567,0.0447431317,-0.2152827615,0.021137669,-0.196846582,0.0008059708,-0.1766868989,-0.0166322146,-0.1583264577,-0.0359470805,-0.137960577,-0.0533279258,-0.1174392109,-0.0711048926,-0.0945461678,-0.0868813058,-0.0685680866,-0.0974408163,-0.0415509357,-0.1038952998,-0.0147521969,-0.1117599709,0.0127428866,-0.1165467123,0.04038846,-0.1119364711,0.0663827682,-0.1034219171,0.0913522646,-0.0920004957,0.1159039112,-0.0802521292,0.1377232771,-0.063573359,0.1605862362,-0.0474035905,0.1820998514,-0.0306648293,0.1980721904,-0.0089317023,0.2096976542,0.0127331998
-0.1572762135,0.1111250675,-0.1361286111,0.0966115654,-0.1189388002,0.082034809,-0.1041373084,0.0675818773,-0.0899236633,0.0538520506,-0.0744231879,0.0413954847,-0.0585759123,0.0285618682,-0.0413765177,0.0162790982,-0.0219294657,0.0045099421,-0.0003055037,-0.0081280371,0.0202663624,-0.0217846187,0.0453091624,-0.0224662185,0.0695430294,-0.0161483103,0.0926655422,-0.0064354184,0.1099009001,0.0117751508,0.1234479679,0.0337295434,0.1305230915,0.0594077388,0.1365212788,0.0845210265,0.1383531277,0.1089035021,0.1378712344,0.1328755823,0.1307141726,0.1539985719,0.1428822783,0.1734257691,-0.2359867895,0.0630169514,-0.2286473621,0.0427351412,-0.2162482059,0.0184007014,-0.1993503103,-0.0033566234,-0.1800248355,-0.0220861265,-0.1605052536,-0.0401760729,-0.1396007864,-0.0568081171,-0.1179498306,-0.0727350008,-0.0959399862,-0.0891211773,-0.0706522927,-0.1013488843,-0.0444151313,-0.1120313613,-0.0160660221,-0.1175433508,0.0117527903,-0.1151817786,0.0391586841,-0.1124968105,0.0666862354,-0.1098229619,0.0940909819,-0.1019221139,0.1184568125,-0.0877569147,0.1432086547,-0.0742103629,0.1649183093,-0.0555553451,0.1840842265,-0.0349564667,0.2008856021,-0.0125903871,0.2071615454,0.0099210168
-0.18547412,0.0938189946,-0.1557970442,0.0712343752,-0.137661545,0.0594107178,-0.1217126504,0.0466218474,-0.1034058756,0.0351990054,-0.085305828,0.0257247009,-0.0670840118,0.0163057846,-0.0476053689,0.0070306665,-0.0268088974,-0.0028817761,-0.0040306674,-0.0117404929,0.0195462982,-0.0135359433,0.0435505684,-0.0111234032,0.0678361128,-0.0080601611,0.0904202058,-0.0017702481,0.1108105537,0.0111130422,0.1274367042,0.0310730066,0.1421006197,0.0529959611,0.1542084179,0.075118002,0.1669015568,0.1009988257,0.1688750304,0.1332099288,0.1642548227,0.1389860915,0.1850648675,0.1698995869,-0.2448832671,0.0440305784,-0.2375097327,0.0368314645,-0.2183435996,0.0176059065,-0.198975382,-0.0007464764,-0.179980261,-0.019196281,-0.1602710367,-0.0372495293,-0.137920887,-0.0513238833,-0.114653027,-0.0631457548,-0.0907100837,-0.0727202389,-0.0662146466,-0.0800352232,-0.0403646234,-0.0849608654,-0.0136316983,-0.0898278858,0.0129350697,-0.0933623873,0.0382779618,-0.0962070021,0.0626256316,-0.0946701857,0.0872864151,-0.0875069461,0.1119125668,-0.0774238619,0.1359181351,-0.0646916147,0.1594883794,-0.0511394483,0.1812481964,-0.0342296021,0.2013139353,-0.01468751,0.2063322046,-0.0049717658
-0.1535764201,0.1017152123,-0.1390561636,0.0925237768,-0.1229987766,0.0773986899,-0.1092766293,0.0623281715,-0.0949271242,0.048224715,-0.078113956,0.0372783372,-0.0609577578,0.0261197783,-0.0424359136,0.0152063124,-0.0217369692,0.0032723562,-0.0038593287,-0.0138576195,0.0203348594,-0.0209457604,0.045030006,-0.0197143297,0.0696091706,-0.0159506442,0.0931024636,-0.0072541359,0.1132497766,0.0087756349,0.1277532413,0.0312675104,0.1373468203,0.0569623568,0.1419350046,0.082992196,0.145092178,0.1081706819,0.1412634387,0.1330117458,0.1330418227,0.1526439984,0.1586532934,0.1769878564,-0.2433911759,0.0601336297,-0.232732517,0.0410331073,-0.2158298121,0.0183589469,-0.1950348249,0.0012639375,-0.1764105525,-0.0173090467,-0.1587637819,-0.0369621876,-0.1391692567,-0.0550606513,-0.117567049,-0.0713263946,-0.0945650636,-0.0860297434,-0.0692990503,-0.0969440045,-0.0445352872,-0.1093755137,-0.0173797135,-0.118843347,0.0114394922,-0.1192030076,0.0394252236,-0.1156815326,0.0655773226,-0.1067133657,0.0910134802,-0.0964522889,0.1140159719,-0.0818391336,0.1365535534,-0.0662934551,0.1575384514,-0.0482114938,0.1794581714,-0.0315380324,0.1975456001,-0.011010329,0.2126377818,0.0108470659
-0.1540942488,0.1076496984,-0.1409257857,0.0950230951,-0.1259731531,0.0787299378,-0.1111098597,0.0644630391,-0.0966408638,0.0500594242,-0.0817999352,0.0359175806,-0.0661512717,0.0219348724,-0.048754931,0.0086143525,-0.030760256,-0.0071086411,-0.0072239803,-0.0198147126,0.0185591024,-0.0290555286,0.0470490907,-0.0332633574,0.0754064615,-0.0257290678,0.0999835422,-0.0115715976,0.1186807027,0.009282571,0.1293111539,0.0347538936,0.1354188763,0.0615793313,0.1372386436,0.087640912,0.1346362241,0.1118570976,0.1319283984,0.1346199069,0.1196817505,0.158923088,0.1344589319,0.1793256818,-0.2293983669,0.0815448837,-0.2181827167,0.0526076481,-0.2026463559,0.0324015289,-0.1869205887,0.0110737617,-0.1692075849,-0.0091169574,-0.1541373745,-0.0308358458,-0.1362231197,-0.0500836852,-0.1195239114,-0.0710914033,-0.0975576487,-0.0879681869,-0.0745031259,-0.1050456982,-0.0472361287,-0.1169187902,-0.0187698976,-0.1261081023,0.0120569062,-0.1299967376,0.0428912345,-0.1265953179,0.0717171071,-0.1187535862,0.0994232624,-0.1076148341,0.124816643,-0.0918253954,0.145982852,-0.0723420206,0.166425313,-0.0524721921,0.1810801544,-0.0294474026,0.1914535116,-0.0073795342,0.1995412424,0.0421362905
-0.1268844285,0.1008686098,-0.1305637704,0.104708014,-0.1137479897,0.0882098071,-0.101820831,0.0707269072,-0.0892324046,0.0560045779,-0.0739512527,0.0419511639,-0.0618001985,0.0252022638,-0.0465934024,0.0091285413,-0.0265662739,-0.0032497508,-0.0073273877,-0.0211386491,0.0209698674,-0.0321668431,0.0500719353,-0.029941646,0.0755646117,-0.0212289706,0.0997317611,-0.0091230439,0.117043208,0.0111475966,0.1240628835,0.036044577,0.1298251944,0.0626569017,0.134396156,0.0878990189,0.1346238602,0.1113199442,0.1311068021,0.132987635,0.1201184601,0.1588379902,0.1340564441,0.1806568109,-0.2420600977,0.0862212748,-0.2328918652,0.0455466418,-0.2127818536,0.024923942,-0.1928720999,0.0066304105,-0.1755026558,-0.0138803585,-0.1562986341,-0.0326242563,-0.1399367457,-0.0537263113,-0.1201873925,-0.0732387094,-0.0979079567,-0.0892484541,-0.0770610325,-0.1079537835,-0.0499979145,-0.1244928299,-0.0183370198,-0.1336724633,0.0147013738,-0.1363863026,0.0469190736,-0.1302801586,0.0753202323,-0.1185397015,0.0993283961,-0.1030395105,0.1226403886,-0.0872943385,0.1428237496,-0.0680464958,0.1612486451,-0.0476742103,0.176350704,-0.026148134,0.1874075363,-0.0046876256,0.1960119241,0.0261099185
-0.1787413153,0.1039856173,-0.1455828527,0.0807943589,-0.1270800568,0.0696846686,-0.110323284,0.0593229243,-0.0946082353,0.0470609857,-0.0772146742,0.0378057221,-0.0597891392,0.0280596604,-0.0416712792,0.0202991589,-0.0172562038,0.01387706,0.003246127,-0.0024297973,0.0214087059,-0.0085501473,0.0432342179,-0.0065922105,0.0673390835,-0.0041139172,0.090420847,0.0007905529,0.1126247717,0.0075648084,0.1308612297,0.027132223,0.1430437938,0.0527331865,0.150185583,0.0796186099,0.1525287879,0.1076179267,0.1451472657,0.1310218312,0.1477651581,0.141485903,0.1620616812,0.1601461485,-0.2500232806,0.0505864998,-0.2361639161,0.0355696089,-0.2195858746,0.0138029989,-0.2005454997,-0.0057777233,-0.180962599,-0.0248239343,-0.1584066706,-0.0385652072,-0.1372899961,-0.0540883616,-0.1135159225,-0.066377238,-0.0925231388,-0.0833198964,-0.0679145422,-0.0946477745,-0.0431441927,-0.1061278453,-0.0163071325,-0.1096530319,0.0103854531,-0.1097854086,0.0364513505,-0.1057407158,0.0615820279,-0.0980348254,0.0867391879,-0.0879076597,0.1123732539,-0.0780708698,0.1373285519,-0.0679025583,0.16169265,-0.0558743549,0.1813792708,-0.0359858044,0.2027246701,-0.0176610637,0.2081261373,-0.0069301086
-0.1403892612,0.0968355825,-0.1385181709,0.0949356559,-0.121321189,0.0819001276,-0.1042991381,0.0712309192,-0.086981868,0.0590059927,-0.0717953755,0.0446807107,-0.0561178213,0.0315933386,-0.039900261,0.0181761979,-0.019422206,0.0063100729,-0.0013877502,-0.0107846299,0.0215446157,-0.0212127144,0.047061806,-0.0230491305,0.0719908572,-0.0172890036,0.0955660342,-0.0070556943,0.1131412611,0.0114746764,0.1250339537,0.0342922346,0.1295175386,0.0601166564,0.1317690132,0.0854769882,0.1311725296,0.1094783473,0.1299976953,0.1321703011,0.1233813185,0.1575649856,0.1385472983,0.1746540738,-0.2336834227,0.0762881825,-0.2241332743,0.0483566493,-0.2106289378,0.0251821233,-0.1979740568,0.0018554437,-0.1817664982,-0.020352055,-0.1616361704,-0.038562467,-0.1428685861,-0.0574298703,-0.1231391425,-0.0755232287,-0.1029230089,-0.0962104849,-0.0750835078,-0.1109180512,-0.0461820397,-0.1204782936,-0.0159462344,-0.1252909382,0.0135245119,-0.1229690208,0.0411341156,-0.1174587967,0.0682566201,-0.1113942561,0.0963113721,-0.1045829967,0.1214607727,-0.0900809942,0.1454739227,-0.0745999312,0.1669282751,-0.0552667789,0.1829542243,-0.0327436898,0.1946171164,-0.0089869216,0.2067130681,0.0206606871
-0.1727744727,0.0993869317,-0.1500113581,0.0803524011,-0.1332326429,0.0663187889,-0.1166137529,0.0530058626,-0.0983290056,0.0428867843,-0.0800986395,0.0356792923,-0.0636443812,0.0234391103,-0.042879135,0.0174489731,-0.0228411712,0.0041914356,-0.0018485165,-0.0082835755,0.0202928157,-0.0190641777,0.0444816936,-0.0242875824,0.0697206576,-0.0197149031,0.0931449153,-0.0088341814,0.1118095667,0.0091422841,0.1255810637,0.0318771419,0.1361451297,0.0568611862,0.1423634906,0.082409078,0.1467416577,0.1070391749,0.1479827368,0.1324429154,0.1432624703,0.1542101422,0.1439710677,0.1776465733,-0.2474338078,0.0482894838,-0.2405848522,0.0339105231,-0.2181775889,0.0153521536,-0.1973721053,-0.0007494076,-0.176416137,-0.0159287727,-0.1550237426,-0.0301804544,-0.1332439349,-0.0433605836,-0.1089762794,-0.0551868547,-0.0864899859,-0.070693755,-0.0633170154,-0.0831324745,-0.0395965861,-0.0948605009,-0.0155355396,-0.1029393266,0.010175947,-0.104124121,0.0371474892,-0.1030926634,0.063641331,-0.1016354195,0.0894299716,-0.0941162872,0.114987681,-0.0843911631,0.1400090493,-0.0728591553,0.1638740406,-0.0591794423,0.188559524,-0.0451188518,0.2137779748,-0.0240329085,0.2173403768,-0.0061236745
-0.1761912627,0.1096019422,-0.1440538059,0.086006454,-0.1304122581,0.0692544503,-0.1136944442,0.0556192312,-0.0961789786,0.0458280348,-0.0805117743,0.0331391433,-0.063246204,0.0218301739,-0.0462474351,0.0083945355,-0.0276746817,-0.0055739168,-0.0050234793,-0.0173930509,0.020185996,-0.0216944745,0.0452577852,-0.0222755958,0.0704227717,-0.0200260032,0.0943655331,-0.0099522521,0.114079808,0.0075438785,0.1311568554,0.0291470122,0.1392031712,0.0563521081,0.1435313665,0.0818681586,0.1518966102,0.105497968,0.1524520462,0.1314448866,0.1518659922,0.1459289465,0.1634490857,0.1641330359,-0.2422292878,0.0597338083,-0.2383478136,0.0385235287,-0.2225799026,0.0114102036,-0.1991574193,-0.0061566351,-0.1775334159,-0.0203153227,-0.1562552128,-0.0352090315,-0.1345987342,-0.0505203077,-0.1138866593,-0.0675142181,-0.0919938891,-0.0826286543,-0.0676114762,-0.0937627935,-0.0419688045,-0.0999905258,-0.0165291104,-0.1015191708,0.0098374974,-0.0978262953,0.0372989433,-0.096533626,0.0624921952,-0.0927926606,0.0874852953,-0.0850804748,0.1123927423,-0.0760329423,0.1360925588,-0.0639348979,0.1590842673,-0.0495474069,0.1816643886,-0.0339064333,0.2037828141,-0.0163512231,0.217928326,0.0052804126
-0.1655466157,0.1001234458,-0.1494929558,0.0850443499,-0.1352438752,0.0688875458,-0.1206569397,0.0529317774,-0.1049098198,0.0397436356,-0.0890602879,0.0231007705,-0.0673415881,0.0138355107,-0.0485848017,0.006430906,-0.0315153229,-0.0101691991,-0.006168098,-0.0212861951,0.0202802392,-0.0276051846,0.0470513315,-0.02801358,0.0736831206,-0.0232907892,0.0981725676,-0.0108329258,0.1170785546,0.0087525624,0.129163018,0.0331880023,0.1362548095,0.0597282473,0.1418920263,0.0853415787,0.1482946939,0.1089179561,0.153102797,0.1347459982,0.146809016,0.1553157282,0.1554357989,0.1745693585,-0.2327855724,0.0820566073,-0.220183541,0.0515648131,-0.203094964,0.0312588636,-0.1888529612,0.008308555,-0.1727624027,-0.0123401614,-0.1567744982,-0.0331334142,-0.1371863234,-0.0509653389,-0.1160686704,-0.0677815417,-0.0938274439,-0.0834703988,-0.0699224645,-0.0975631912,-0.0442594138,-0.1097079244,-0.0161074194,-0.1153993669,0.0120960683,-0.1158727878,0.0395632993,-0.1112245425,0.0669677432,-0.1067202859,0.0935258878,-0.0979065277,0.1175233233,-0.0837322997,0.1410173375,-0.0687834869,0.160250996,-0.049349389,0.1756154258,-0.0267198615,0.1918062842,-0.0069918908,0.2047616411,0.0350140704
-0.1725049071,0.0980649445,-0.1522361293,0.0784940884,-0.1331394922,0.0669493931,-0.1188019857,0.0533616072,-0.1018652566,0.040618284,-0.0845266145,0.0291307736,-0.0664519674,0.0188172729,-0.0475828834,0.0079941137,-0.0272947322,-0.0030678574,-0.0063243645,-0.0175169989,0.0191530026,-0.0259543081,0.0457878066,-0.0274639254,0.0712363286,-0.0206725846,0.0953340834,-0.0100529119,0.1154811583,0.0076229315,0.1313067144,0.0301769341,0.1424345212,0.0563920464,0.1466291793,0.0836883084,0.1475964972,0.1092531093,0.1457535952,0.1342400116,0.1402880887,0.1543228775,0.1468722189,0.1745947641,-0.2446819066,0.068387899,-0.2307969222,0.0444625284,-0.210375184,0.0268338524,-0.1894079904,0.010424669,-0.1698632411,-0.0081381776,-0.1509954032,-0.0262150906,-0.1310442134,-0.0427224072,-0.1098710134,-0.0585854798,-0.0879551861,-0.0738688411,-0.065212542,-0.0886433296,-0.0420638752,-0.1026160602,-0.0175488101,-0.1141631739,0.009608734,-0.1241830255,0.0400459321,-0.1206734404,0.0677276229,-0.1123980662,0.0927264434,-0.0994720041,0.1154895775,-0.0837612368,0.1391205635,-0.0690460709,0.1600608973,-0.0509908734,0.1787528379,-0.0306429183,0.1964447516,-0.010394352,0.212694066,0.0274127247
-0.1260067958,0.1039538892,-0.1308418554,0.1063466805,-0.1141270901,0.0919066566,-0.0996399626,0.0754840164,-0.0869916931,0.060885253,-0.0708137311,0.0476930055,-0.0575625125,0.0315686602,-0.040727484,0.0181753449,-0.0238529288,0.0019360462,-0.0088745744,-0.0175627291,0.0164426642,-0.0366567843,0.0499321705,-0.0363343932,0.0784731684,-0.0278404459,0.1042190226,-0.0124065297,0.1192170849,0.0115252955,0.1249779945,0.0367033384,0.1253954414,0.0626534222,0.1245531826,0.0872435073,0.1204442563,0.1066454441,0.1105566867,0.1281950328,0.1016115074,0.1607827166,0.1112744597,0.1814318269,-0.2356053121,0.0930178591,-0.2281348007,0.0479713154,-0.2120097185,0.0266817574,-0.1951282358,0.0056179349,-0.1768343514,-0.0140191994,-0.1587456265,-0.0338309893,-0.1392571112,-0.0523732109,-0.1198500562,-0.0715770489,-0.0982591273,-0.0887135012,-0.075533979,-0.106881181,-0.0478571224,-0.1192932046,-0.019209294,-0.1296272383,0.0114168076,-0.1340505218,0.0434768038,-0.1351523177,0.0764541852,-0.1279647727,0.1055393134,-0.1139893607,0.1311375264,-0.0969187036,0.1533279138,-0.0764649753,0.1716205013,-0.0537439174,0.1858025245,-0.0301270421,0.1963696211,-0.0070437617,0.2036205265,0.0361528256
-0.1290588393,0.1021231792,-0.1309157454,0.1030633106,-0.1154472118,0.0871160353,-0.102012728,0.0706487707,-0.0900445932,0.0540088244,-0.0799687985,0.0369892966,-0.0664660444,0.019589527,-0.0465853428,0.0093455461,-0.0327868664,-0.0093028455,-0.0082497615,-0.0264602938,0.021272786,-0.0338131621,0.0505787766,-0.0335448639,0.0781968467,-0.0241586268,0.09760951,-0.0061413003,0.1134847643,0.0135669741,0.1246038681,0.0369417142,0.1320993125,0.0623482913,0.1355006057,0.0875095957,0.1351215552,0.1106995145,0.1293501557,0.1316345996,0.1173300315,0.159723233,0.1342498154,0.1792061709,-0.2263781594,0.0988252771,-0.2197183375,0.0499213009,-0.2096480109,0.0269731616,-0.1962874341,0.0040974078,-0.1811928893,-0.0179465074,-0.1649754574,-0.0397879989,-0.1460336383,-0.0594907578,-0.1261481519,-0.0803736297,-0.1012389173,-0.0964413418,-0.0753176448,-0.1118732125,-0.0446346699,-0.1218795639,-0.0141627178,-0.1228223213,0.0143228237,-0.1213238365,0.0427490137,-0.1174700664,0.0699089584,-0.1094124699,0.0969943327,-0.1003884514,0.1209678576,-0.0852301023,0.1444571558,-0.0696220897,0.1652443535,-0.0506668548,0.1834690984,-0.0302464455,0.1941356566,-0.0074552947,0.2056246818,0.0315203067
-0.1587922283,0.0987145935,-0.146302749,0.0850698244,-0.1287521094,0.0708044885,-0.1114340224,0.0602422313,-0.0942062855,0.050831481,-0.0767631054,0.040898497,-0.0586191086,0.0294177981,-0.0428629948,0.0152464403,-0.0231197577,0.0067672348,-0.000609187,-0.0019572296,0.0223777673,-0.0094542545,0.0453425239,-0.0134714301,0.0683872802,-0.0140214742,0.0915531683,-0.0066996861,0.1142303542,0.005469868,0.1335371224,0.026500978,0.1424846063,0.0551038774,0.1444077182,0.0826622043,0.1425203909,0.1079491061,0.1357074396,0.1308578462,0.1265077552,0.1512942472,0.127531183,0.1649362557,-0.2522421105,0.0510806788,-0.2371061281,0.0364845981,-0.2200718572,0.0159672707,-0.2019684082,-0.0056197762,-0.1792187399,-0.0203011422,-0.1577273736,-0.034604047,-0.1358903824,-0.0486774299,-0.1127418143,-0.0611402565,-0.0894894163,-0.0738904667,-0.065378122,-0.084842261,-0.0395193713,-0.0945916689,-0.015430078,-0.1055737568,0.0101114908,-0.1090549778,0.0367987043,-0.1081312243,0.0635742259,-0.1037143825,0.0904987492,-0.0990317766,0.1162145687,-0.0882411521,0.1392843261,-0.0725911773,0.1632103862,-0.0600961252,0.1885804734,-0.0481315705,0.2170584209,-0.027594598,0.2283266945,0.0051323446
-0.1388205595,0.1086096689,-0.1319306386,0.1004290671,-0.1165080814,0.0845619705,-0.1038017781,0.0691651448,-0.0885926848,0.0565332957,-0.0737704561,0.0422566207,-0.0588479657,0.0286270028,-0.0417556089,0.0156852716,-0.0229971026,0.0017900422,-0.0046779774,-0.0150433678,0.0202058721,-0.0235755808,0.0461717183,-0.0250007737,0.0715386457,-0.0194916307,0.0957819309,-0.0093350843,0.115732758,0.0086756028,0.1261923019,0.0334100074,0.1324411013,0.0596044372,0.1341054456,0.0854479117,0.1352551259,0.1099315006,0.134913822,0.1334595671,0.1335710758,0.1553227294,0.132546372,0.1734574286,-0.2404032529,0.0661282574,-0.2305329171,0.0438374647,-0.216189707,0.0203784265,-0.2002796502,-0.0024630664,-0.1788439924,-0.01922102,-0.1591497801,-0.0367884292,-0.1396056444,-0.0548746758,-0.1193627082,-0.0726060988,-0.0983477165,-0.0912255158,-0.0723965953,-0.1034292457,-0.0472963982,-0.1163481083,-0.0185933097,-0.1266542919,0.0134749011,-0.1282792309,0.0419840937,-0.1194265118,0.0677769657,-0.1095270039,0.0933097203,-0.0985744206,0.1184234917,-0.0861540559,0.1393211454,-0.0677574361,0.1607844866,-0.0499463782,0.1803855983,-0.0305937027,0.196931879,-0.0089402451,0.2118560737,0.0179444569
-0.1338131651,0.0933088046,-0.1387514659,0.0952437249,-0.1196609473,0.0843502506,-0.1032387806,0.0697404609,-0.0905162006,0.0536611225,-0.0759895799,0.0399348145,-0.0603091857,0.0262523628,-0.0448449702,0.0109253999,-0.0253613813,-0.0020845444,-0.0035447803,-0.0150524872,0.0210228229,-0.0247940781,0.0474856988,-0.0280744942,0.0745225766,-0.0248485752,0.1015430901,-0.0141291586,0.1186973338,0.0084170339,0.128469837,0.0335406005,0.1361106352,0.0597111713,0.1389396871,0.085651602,0.1395381697,0.1101604386,0.1375273142,0.1336179109,0.1297594896,0.1585327022,0.1616222375,0.1806608171,-0.2332779178,0.0792427904,-0.2250028878,0.0479903556,-0.2136812958,0.0236861689,-0.1973192226,0.0024003818,-0.184012134,-0.0207083285,-0.1661158654,-0.0417885491,-0.1468977341,-0.0624014065,-0.1239027028,-0.0794078947,-0.099709485,-0.0961895802,-0.0720166036,-0.1060294551,-0.045198863,-0.1155549796,-0.0164476378,-0.1222887219,0.01384941,-0.1234356166,0.0411542152,-0.1148514072,0.0682410295,-0.1088089143,0.0950967361,-0.0997013825,0.1179804989,-0.0838919133,0.1382052561,-0.065715793,0.1559245826,-0.0457141198,0.1706667622,-0.0245509389,0.183964457,-0.0007311172,0.1992909665,0.0237245426
-0.1433479917,0.0990653375,-0.1393599565,0.0977423006,-0.123721848,0.0816377226,-0.1098030489,0.0663551314,-0.095989725,0.0513405246,-0.0822505467,0.0360020226,-0.0660864471,0.0222954011,-0.0489400804,0.0084705322,-0.029117619,-0.0074632844,-0.0035442479,-0.0122484521,0.0184614084,-0.0276312709,0.0475198213,-0.0308052513,0.0752104307,-0.0246015419,0.100851468,-0.0123856475,0.1216218835,0.0081082861,0.1304945667,0.0347777734,0.1367686224,0.0616126662,0.1371804536,0.087817625,0.1370128107,0.1122347796,0.1327969417,0.1348708809,0.124726568,0.1562588536,0.1212739267,0.183330739,-0.2270626619,0.0855858434,-0.2157539471,0.0533682468,-0.2054100861,0.0300839653,-0.1915579262,0.0083467199,-0.1754181551,-0.0126315189,-0.1592963802,-0.0337478434,-0.1389321696,-0.0513594725,-0.1174268692,-0.0680478395,-0.0963218296,-0.0850551933,-0.0760015995,-0.1034249856,-0.0508080759,-0.1221112089,-0.0182784164,-0.1299770169,0.0125314591,-0.1312588998,0.0434026679,-0.1290804747,0.0728126287,-0.120368142,0.1006051719,-0.108765949,0.1255830538,-0.0924171058,0.1478028547,-0.0731262553,0.1636573337,-0.0501397255,0.1766716643,-0.0273167109,0.1869078322,-0.0045521051,0.2005360599,0.0392105434
-0.1676443686,0.0914750638,-0.1527264986,0.0775898136,-0.1347132282,0.0646524856,-0.1191821275,0.0513249948,-0.1012516849,0.03886623,-0.0823116273,0.0302281544,-0.0635978138,0.023147938,-0.0466050807,0.0093360729,-0.0259448031,-0.001252996,-0.002953999,-0.0106457005,0.0205171267,-0.0202051842,0.0453944545,-0.0233707991,0.0704734392,-0.018869179,0.0929107243,-0.0069848092,0.1108468235,0.0113236531,0.1283403987,0.0311662828,0.1414185563,0.0554832236,0.1473724084,0.0817066852,0.1535312655,0.1061917723,0.1556452677,0.1334152032,0.1498751803,0.1533792324,0.1564167188,0.1726504589,-0.24153055,0.0623650487,-0.233308968,0.0433969404,-0.2175976931,0.0196548986,-0.197487028,0.0008552285,-0.1768810037,-0.0155000411,-0.1556616595,-0.0311052725,-0.1354847315,-0.0480955711,-0.1130063239,-0.0619975169,-0.090294594,-0.0760509948,-0.0660829093,-0.0879685964,-0.0417985755,-0.0990067809,-0.0157544588,-0.1039772525,0.010769406,-0.1066559029,0.0376417532,-0.1054274622,0.0645259211,-0.1029408278,0.0909049447,-0.0966402488,0.1151799666,-0.0836829033,0.1393971299,-0.0701519031,0.1615832862,-0.0533963902,0.180007953,-0.0326607451,0.198445387,-0.0120108823,0.2106216158,0.0103885792
-0.1788282699,0.1041549153,-0.1451187518,0.0842322981,-0.1284884188,0.0711678262,-0.1125703936,0.0588756554,-0.0982878575,0.0445999832,-0.0819953388,0.0320578881,-0.0639871481,0.0222116175,-0.0447866439,0.0123863979,-0.0251464828,0.0009304243,-0.0027911719,-0.0071281416,0.0207571014,-0.0126555496,0.0446755909,-0.0145865775,0.0686684195,-0.0140186818,0.0927175668,-0.0087300306,0.113786058,0.0072331703,0.1275292535,0.0308464155,0.1366359134,0.0569715628,0.1400995126,0.0832123692,0.1432190612,0.1082355598,0.1397380074,0.1322059824,0.1397104833,0.1463971678,0.1614213757,0.1650709282,-0.2425536239,0.0520215272,-0.2382792257,0.0352832453,-0.2160923661,0.0164377098,-0.1965594112,-0.001365358,-0.1757672485,-0.0174344555,-0.1581488107,-0.0371577679,-0.1361922784,-0.051869008,-0.115787391,-0.0690709798,-0.0920171943,-0.0799031856,-0.0667050377,-0.0871896336,-0.0409453792,-0.0939803915,-0.0155225122,-0.097963132,0.0101057392,-0.0979302929,0.0369121198,-0.0959954441,0.0640039922,-0.0939396674,0.0906226553,-0.0919134301,0.1170292894,-0.0901670841,0.1432140044,-0.0784986045,0.16837184,-0.0641228352,0.1930223266,-0.0442560893,0.2086689407,-0.0174514097,0.2156617046,0.002795106
-0.1781984478,0.1002064957,-0.1440764231,0.0827314496,-0.1259568559,0.0726025138,-0.1093585211,0.0614448943,-0.0939381915,0.048499229,-0.0779657103,0.0366264751,-0.0605969576,0.0267212086,-0.0401833772,0.0167246164,-0.0235721096,0.0006394601,-0.0015868102,-0.0085825358,0.0213807543,-0.0177150508,0.0450923532,-0.020942444,0.0691518947,-0.0160704777,0.0927390263,-0.0076888607,0.1133806864,0.0077949414,0.12701427,0.0309082666,0.136937881,0.0563030752,0.1429141173,0.0812104904,0.1521839952,0.1017885976,0.161332094,0.1256464359,0.1612324882,0.145720791,0.17013878,0.1651196104,-0.2409260353,0.0572581176,-0.2399152809,0.037917006,-0.2232048534,0.0107402119,-0.2008911213,-0.0076253569,-0.1807421105,-0.0241983693,-0.1605682474,-0.0409105496,-0.1402345095,-0.0581057503,-0.1178345493,-0.0737675762,-0.0931921196,-0.0849425685,-0.0681164684,-0.0953547445,-0.0424553998,-0.1030897299,-0.0165369806,-0.1032106092,0.009984869,-0.1008206912,0.0362271413,-0.0982185553,0.0615026589,-0.0919790699,0.0874938489,-0.08439049,0.1127108136,-0.0765221958,0.1363734969,-0.0650800991,0.1586351673,-0.0501737109,0.1780767399,-0.0310774937,0.1967215648,-0.0105726781,0.2088264389,0.0044357208
-0.1648474841,0.1110421931,-0.1395269447,0.0981618734,-0.1234348685,0.0811876642,-0.1116029916,0.0642995593,-0.0992629378,0.0480850915,-0.0849223622,0.0327673804,-0.0687724454,0.0187331688,-0.0511922299,0.0044229133,-0.0318273616,-0.007920381,-0.0127829433,-0.0262991941,0.0163506915,-0.0402000879,0.0503544308,-0.0422424104,0.080664689,-0.0300972063,0.1024800173,-0.0108264039,0.1151675959,0.0120757345,0.1258100391,0.0365361305,0.1328198312,0.0628710512,0.1381058923,0.0883813125,0.1375114187,0.1127956683,0.1346505314,0.1365343643,0.1314619293,0.1589356816,0.1338740616,0.1829394492,-0.2233349313,0.0840559621,-0.2129818842,0.0534085301,-0.2014922456,0.030830691,-0.1889850352,0.0085689896,-0.1732556535,-0.0119175439,-0.1557398129,-0.0315216337,-0.1362816035,-0.0495677815,-0.1153232091,-0.06647309,-0.0918715354,-0.0806432881,-0.0695177826,-0.096956406,-0.0482108289,-0.1142515029,-0.0218380682,-0.1299489043,0.0124996695,-0.1372974669,0.0469282456,-0.1307809911,0.073803067,-0.1174035931,0.0993184978,-0.104884761,0.1236845171,-0.0888779041,0.1433710871,-0.068646788,0.1596972407,-0.0466908862,0.174698664,-0.0249188494,0.1869105987,-9.03437738087876E-005,0.206842444,0.0318240087
-0.1523972337,0.1123845264,-0.1340689793,0.0991804199,-0.1187535362,0.0822100036,-0.1044976976,0.0676095868,-0.0910455247,0.0525121549,-0.0775171333,0.038196292,-0.0613279965,0.0258523196,-0.0441066226,0.0123391729,-0.0274490518,-0.0034529199,-0.0058454746,-0.0172169839,0.0196315812,-0.0237678344,0.0453807126,-0.0246063666,0.0704210713,-0.0187872567,0.0941837348,-0.0084181739,0.1137669291,0.009213982,0.1273034026,0.0325579909,0.1364551971,0.0584583897,0.140595093,0.0845342337,0.1442293454,0.1096491998,0.1402136327,0.134504709,0.1324710614,0.1545145293,0.1465932312,0.177023116,-0.2290791479,0.0582461028,-0.22690684,0.0440863055,-0.2137980564,0.0206897086,-0.1973203833,-0.0004101284,-0.1808404722,-0.0212006131,-0.1632376812,-0.0412690587,-0.1442683593,-0.0605628551,-0.1229585629,-0.0786598782,-0.098599987,-0.0944665079,-0.0714441013,-0.1043580336,-0.0437872889,-0.1117215262,-0.0160359279,-0.110881622,0.0114624485,-0.1125950241,0.0387334025,-0.110301494,0.0654375085,-0.1043296557,0.0915634262,-0.0958715172,0.1155873621,-0.0826838881,0.13788829,-0.0662213533,0.1608410067,-0.0506240873,0.1817009009,-0.0323246675,0.2000758854,-0.0114444787,0.2107508357,0.0124131811
-0.135232314,0.1013084649,-0.136153993,0.102358875,-0.1230102419,0.0852485103,-0.1072979889,0.0723128342,-0.0913268534,0.0581700211,-0.0783728542,0.0419255191,-0.0636710022,0.0272214669,-0.0489561438,0.0109816508,-0.0301863672,-0.0059205155,-0.0064183792,-0.0150294338,0.0130475341,-0.0367867354,0.0500121592,-0.0423637728,0.0826212997,-0.0310238678,0.1054705519,-0.0118025697,0.124009479,0.0103801409,0.1295253372,0.0372885641,0.1299776703,0.0636217144,0.127906818,0.0897502974,0.1276716628,0.1126765459,0.1206580872,0.1305704324,0.1076002963,0.1565800463,0.1108426126,0.1833303923,-0.2230978176,0.0999250672,-0.206537853,0.0605860464,-0.1950160208,0.0358508152,-0.1853941981,0.0115650266,-0.1752097359,-0.0114406108,-0.162911664,-0.0343076997,-0.1455114776,-0.0563914616,-0.1226969718,-0.0730201485,-0.1025886185,-0.091196204,-0.0797105076,-0.1098823426,-0.0521906283,-0.1251091904,-0.0221964293,-0.1360580103,0.0115473007,-0.1429132071,0.0488878021,-0.1394416106,0.0788888957,-0.1250886911,0.1058362337,-0.1114046899,0.129096375,-0.0927474395,0.151530012,-0.0734063005,0.1671821436,-0.0496294087,0.1825594595,-0.0267973428,0.1946352768,-0.0074556327,0.1941810531,0.0575644548
-0.1712052122,0.1027595784,-0.1490798705,0.0821613331,-0.1328303242,0.0663551212,-0.1155036248,0.0539103473,-0.0990030776,0.0429265538,-0.0837181152,0.0297987622,-0.066796117,0.0168494283,-0.047881289,0.0059719098,-0.0289182563,-0.0084510928,-0.0044418812,-0.0175030927,0.0205465796,-0.0191184471,0.0448271967,-0.0180600136,0.0678867589,-0.0110322573,0.0903016244,-0.0014109915,0.1107391629,0.012806178,0.1302177853,0.0297210044,0.1421382468,0.0540382348,0.1548976218,0.0750799072,0.1675043017,0.101829931,0.1682234798,0.1327834213,0.1651682051,0.1329154294,0.187688609,0.1635207446,-0.2447433272,0.0502572488,-0.2330762325,0.0401943151,-0.217670553,0.0182613262,-0.2024331143,-0.0041399148,-0.184318139,-0.0250508494,-0.1637145644,-0.0440185862,-0.1405863935,-0.0579847694,-0.1183740448,-0.0736428015,-0.093366776,-0.0842829067,-0.0681463696,-0.0930166315,-0.0427083634,-0.0953941352,-0.0165823751,-0.0953060348,0.0103741325,-0.0939615566,0.0372337144,-0.0924318848,0.0620327707,-0.0893217066,0.0858882162,-0.0814477914,0.1109518127,-0.0707302291,0.1354817229,-0.0610651753,0.15688128,-0.0466333764,0.1763266628,-0.0283744361,0.1939776357,-0.0073374045,0.2058105011,0.0075753101
-0.1614959534,0.0977614162,-0.1447356806,0.0871687671,-0.128145669,0.0731340806,-0.111069932,0.0622646623,-0.0940877175,0.0513112276,-0.0786704722,0.0385136213,-0.0609061359,0.0298325713,-0.0411820594,0.0201118403,-0.0189945452,0.0070242115,-0.0037761869,-0.0122534046,0.0197999952,-0.0197713378,0.0445670775,-0.0240278983,0.0693398321,-0.0179638337,0.0933729442,-0.0089692772,0.1172303958,0.0041785862,0.1340533436,0.0288989769,0.1395362706,0.0578127596,0.1391326762,0.0844169395,0.1368388057,0.1086484274,0.1292327121,0.131811066,0.1312890874,0.153909145,0.1383742536,0.1677893776,-0.2351541085,0.0559826301,-0.2315553962,0.0426064281,-0.2148881633,0.0207315019,-0.2005581438,-0.0019370698,-0.1823417654,-0.0222308314,-0.1623582685,-0.0408041369,-0.1396016578,-0.0548392583,-0.1177494445,-0.0706008931,-0.0928740981,-0.0806052997,-0.0680566355,-0.0916138944,-0.0423461166,-0.0994147856,-0.0158508594,-0.1043605464,0.0103750152,-0.1067411833,0.0369451942,-0.1035276495,0.0636049104,-0.1002952548,0.0892734021,-0.0921423865,0.1148833719,-0.0826209964,0.139652563,-0.0707159331,0.1646941507,-0.0591427132,0.1882583172,-0.0431949616,0.2139694175,-0.0244279572,0.2319752735,0.0082932663
-0.1551728807,0.1084608622,-0.1374077815,0.0955639649,-0.1214366816,0.0800509575,-0.1069101523,0.0664654092,-0.0904146697,0.0546578813,-0.0754384812,0.0403452846,-0.0603761115,0.0270559527,-0.0428966392,0.0149261087,-0.0239946833,0.0026716331,-0.0021266432,-0.0067147549,0.0209479405,-0.0126354942,0.0442654922,-0.0130157816,0.0676848599,-0.0094005685,0.0905003434,-0.0014457392,0.1122437013,0.0102897218,0.1295976122,0.030946009,0.1363391827,0.0582951404,0.1381225766,0.0846455021,0.1348279665,0.1086185193,0.1299573082,0.1315783693,0.1241384868,0.1542108575,0.1290847222,0.1658442918,-0.234085294,0.0686313882,-0.2233455224,0.0462697528,-0.2098646092,0.0230765459,-0.1966570094,0.0002802147,-0.1795067864,-0.0201503515,-0.1611891385,-0.0396086524,-0.1406827541,-0.0571631234,-0.1181932057,-0.0723798202,-0.094837628,-0.0862983537,-0.0703716069,-0.0987674689,-0.0460054229,-0.1129787199,-0.0177168931,-0.1202438201,0.0109507056,-0.1233500377,0.0395014492,-0.1215717743,0.0684035956,-0.1181309886,0.0966322193,-0.1079242323,0.1220888493,-0.093418145,0.145195853,-0.0760399243,0.1656117338,-0.0561832216,0.1844145372,-0.0354194347,0.2024381814,-0.0134135955,0.215683278,0.0233696357
-0.1460754348,0.1255543571,-0.1265344201,0.1092526649,-0.1096777734,0.0894008276,-0.0996327133,0.0695491684,-0.092007855,0.0522351954,-0.0837688129,0.0352145844,-0.0721721101,0.0170734646,-0.0541698735,0.0008223197,-0.0347768364,-0.0125302722,-0.0132203186,-0.0305625666,0.0156057289,-0.0404822829,0.0490222173,-0.0493076205,0.0840843105,-0.036702461,0.1097966782,-0.0166916601,0.1246511662,0.008875825,0.1326585193,0.0354663476,0.1353091431,0.0626642065,0.1332392051,0.0880506448,0.1292673575,0.1118530876,0.125515577,0.1345877496,0.1171241073,0.1604727471,0.1279246441,0.1780615288,-0.2315500616,0.1041400778,-0.2136293263,0.0521988489,-0.2008350967,0.0301506888,-0.1892489454,0.0067480747,-0.1751450204,-0.0148527176,-0.1585302425,-0.0354265772,-0.1402561906,-0.0550359809,-0.1201542369,-0.0738758603,-0.0980538474,-0.0900595741,-0.077364567,-0.1076087319,-0.0521299655,-0.1271463401,-0.0164769621,-0.1376373367,0.0176273184,-0.1336721501,0.0466941272,-0.125892406,0.0735681686,-0.1150471301,0.0991344503,-0.1019960009,0.1228276293,-0.0860274784,0.1433615276,-0.0669076102,0.1619483384,-0.0463805894,0.1779200624,-0.0249109859,0.187370129,-0.0066356685,0.1907602048,0.0630175924
-0.1662403003,0.1260358701,-0.1364777802,0.0954926814,-0.1226320126,0.0783894192,-0.1081777406,0.0641916193,-0.0936741742,0.0500873513,-0.0786172115,0.0365628041,-0.0622209241,0.0239918854,-0.0444511382,0.0111347203,-0.0288010812,-0.0055706558,-0.008171618,-0.0221734822,0.0182722473,-0.0321578924,0.0463526814,-0.0361709861,0.07568456,-0.03205607,0.1027090184,-0.0187483684,0.124795527,0.0021546519,0.1388170249,0.0301019524,0.1398329003,0.0595565921,0.1347741332,0.0845784442,0.1310870296,0.1078075664,0.1236355947,0.1283792237,0.1146517212,0.1480762456,0.1078950456,0.1654039678,-0.2575802444,0.0877435017,-0.2258476427,0.0460078205,-0.2086059652,0.0245585366,-0.1935003553,0.0026649788,-0.1741049574,-0.0148926156,-0.153747915,-0.0316232287,-0.133467815,-0.0482733938,-0.1110125114,-0.0627249021,-0.0884027543,-0.0786361629,-0.0679003678,-0.0962862198,-0.0425326024,-0.1074213664,-0.0149254025,-0.1109856988,0.0124631424,-0.1144499517,0.0402535966,-0.1148802071,0.0678569378,-0.1101663511,0.0954631036,-0.1036628893,0.1218990338,-0.0920816348,0.1472173509,-0.0773067528,0.169010191,-0.0576824199,0.1883152853,-0.0363437461,0.2031737501,-0.0123398398,0.2169326393,0.0437150032
-0.1498825943,0.101299001,-0.1442971004,0.0917719628,-0.1273326308,0.0765987536,-0.1113701429,0.0633869724,-0.0953188237,0.0509189298,-0.0825820524,0.0349925283,-0.0668462742,0.019932268,-0.0474107498,0.0070313119,-0.0258752035,-0.0011985648,-0.011408234,-0.0219756701,0.0161816593,-0.038087169,0.0490221951,-0.0420820787,0.081097407,-0.0344417873,0.1076165155,-0.016203285,0.1225946593,0.0086843627,0.1299677228,0.0346860504,0.1346968403,0.0613024276,0.1335607873,0.0868882026,0.1322125899,0.1116261105,0.1310257739,0.1348242973,0.1256832421,0.1580435819,0.1311565624,0.179468834,-0.2344773927,0.1003149558,-0.2182780427,0.0520178072,-0.2078407182,0.0286592111,-0.1926078165,0.0075604775,-0.1733632873,-0.0108934264,-0.1559566706,-0.0309514744,-0.1344415287,-0.0464187301,-0.1127746671,-0.0633671235,-0.0927530936,-0.0817050839,-0.0714103407,-0.0989916643,-0.0469286779,-0.1157850895,-0.0172674534,-0.122560897,0.0107551195,-0.1280188946,0.0419349639,-0.1312893527,0.0750717044,-0.1243143984,0.1026791844,-0.1088221715,0.1259774073,-0.090995607,0.1448595234,-0.0702003468,0.1619363836,-0.0485941189,0.177708937,-0.0271710285,0.1870900641,-0.0068663971,0.1975942529,0.0509263132
-0.1607601752,0.116788006,-0.142590022,0.0920075736,-0.1264601275,0.0765561324,-0.112493079,0.0610770797,-0.0961315783,0.0484543263,-0.0808133493,0.0348498952,-0.0647056328,0.0216296973,-0.0483116992,0.0063846694,-0.0283814177,-0.0053724422,-0.0106817615,-0.0245472265,0.0176626622,-0.0378221107,0.048241833,-0.0404434952,0.0805279254,-0.0364466644,0.1069135441,-0.0177214467,0.1261625097,0.0052157087,0.1351220023,0.0324806981,0.1422769903,0.0598364884,0.141815692,0.0865860181,0.1383667687,0.1102384025,0.1296854605,0.1304059647,0.1176309236,0.1524801342,0.1170323308,0.1770316521,-0.2379692239,0.1054134444,-0.213820581,0.054174493,-0.1997861962,0.0315650197,-0.1873490664,0.0083333606,-0.1731239063,-0.0127591487,-0.1536197567,-0.031015471,-0.1378798414,-0.0525615174,-0.1185897341,-0.0716060213,-0.0977871796,-0.0897036629,-0.074002486,-0.1066549232,-0.0459518217,-0.1188106882,-0.0159708185,-0.1250740791,0.0144500395,-0.1255245754,0.042773462,-0.1189607098,0.0704040804,-0.1120605375,0.0965018893,-0.100021044,0.1187875193,-0.0832692667,0.141432893,-0.0670617754,0.1610851649,-0.0471930643,0.1811431227,-0.0293931511,0.1889093605,-0.005794442,0.2102532802,0.0483086991
-0.1681494543,0.1124438946,-0.1378742503,0.0912282188,-0.1226707974,0.0754593895,-0.1071612484,0.0624179994,-0.0904497859,0.0514143948,-0.0741513276,0.0391086166,-0.0574420543,0.0260879007,-0.0428462749,0.010155818,-0.0250714849,-0.0045569645,-0.0024360123,-0.0156408881,0.0221364403,-0.0226859718,0.0473376552,-0.0241465489,0.0724104837,-0.0200459312,0.096452247,-0.0103899128,0.1151364157,0.0078495679,0.1266028446,0.0312899921,0.1296809389,0.0571397406,0.130064365,0.0826354829,0.1300080087,0.1065469328,0.1276981147,0.1300515538,0.1271852793,0.1533906509,0.1343983084,0.1739780877,-0.2579465297,0.0855790761,-0.2341536565,0.0389967324,-0.2142198657,0.0179882703,-0.1950562683,-0.0009277699,-0.1742320503,-0.0169958508,-0.1549474056,-0.0350330974,-0.1352178406,-0.0526248142,-0.1135026621,-0.0681059027,-0.0899497804,-0.0811084041,-0.0664789579,-0.0949241792,-0.0409070704,-0.1039928512,-0.0142559193,-0.1082671684,0.0129758193,-0.1084553513,0.0401181286,-0.1096649002,0.0669141015,-0.1060149233,0.0933861872,-0.098641491,0.1187964705,-0.0876437494,0.1437575246,-0.0749524084,0.1663913439,-0.0582900403,0.1895493161,-0.0413132605,0.2085403961,-0.0182644418,0.219580308,0.0089245016
-0.1470848404,0.1197763633,-0.129934288,0.1016754846,-0.1195263942,0.0819546131,-0.1064091746,0.0669594936,-0.0939831764,0.0509711494,-0.0800580903,0.0360402153,-0.0644612784,0.0217688501,-0.0462006358,0.0091623446,-0.0279477942,-0.0041180074,-0.010683376,-0.0256446968,0.0205426573,-0.0355103472,0.0496800314,-0.0335145706,0.0774609202,-0.027852108,0.1035344019,-0.0135616373,0.120279186,0.0093865739,0.1284544695,0.0348377724,0.129424555,0.0609291179,0.1279647511,0.0858973968,0.1245744678,0.108184593,0.1186790622,0.1277383724,0.1066930814,0.1528699656,0.1084621814,0.1837536287,-0.2383097508,0.1124053634,-0.2116420276,0.0552428865,-0.1967106322,0.033362415,-0.1841509158,0.0089418569,-0.1727672468,-0.014029658,-0.1597632751,-0.0362672179,-0.1444843405,-0.0582230035,-0.1247584163,-0.0793457477,-0.1001676894,-0.0965916108,-0.0728950753,-0.1097115448,-0.0445918658,-0.1177753479,-0.0160636025,-0.1246081285,0.0139525951,-0.1270454641,0.0435718002,-0.1236306524,0.0726257083,-0.1172342443,0.0994631192,-0.1050713102,0.1248525192,-0.0912378548,0.1484145217,-0.0739530199,0.1682673363,-0.0532250437,0.1861214671,-0.0317436969,0.1965915406,-0.0066711762,0.2229835134,0.0447076325
-0.1575045235,0.1050926824,-0.1398554067,0.0921526871,-0.1233820143,0.0778681321,-0.1067150483,0.0660224295,-0.0918981039,0.0519439176,-0.0763555573,0.038859486,-0.0614064381,0.0247647887,-0.0436735458,0.0126932569,-0.0225377038,0.0016015254,-0.0066269711,-0.0183624375,0.0196948643,-0.0277215864,0.0464451285,-0.0297999548,0.0740911149,-0.0268572152,0.0988525194,-0.0131244099,0.1184825962,0.0065187431,0.1299173747,0.0316873439,0.1374632247,0.0582876717,0.136919042,0.0844674015,0.1374560477,0.1090245696,0.1358958582,0.1325386402,0.1321279362,0.1543306297,0.1315076538,0.1781947521,-0.2348975437,0.0864518747,-0.2243284484,0.046299483,-0.2127663304,0.0225101436,-0.1982919686,-0.0004233227,-0.1789952605,-0.0196624338,-0.1587186369,-0.0368442625,-0.1382157952,-0.0538592057,-0.1161633581,-0.0693592449,-0.0938463515,-0.0847636649,-0.0700798911,-0.0990640309,-0.0441889228,-0.1102126168,-0.0167257999,-0.1184494073,0.0118123481,-0.12049099,0.0402426975,-0.1196056296,0.0688127487,-0.1148075246,0.0961580614,-0.1043053462,0.1203501753,-0.0890622354,0.1422625472,-0.0714371244,0.1603649481,-0.0506382379,0.1770193895,-0.029100867,0.1920749089,-0.0079672583,0.2092224345,0.0346088479
-0.1547484166,0.1113274139,-0.1372504701,0.0967010838,-0.1207822971,0.0816578475,-0.1062179346,0.0667703791,-0.0926389137,0.0515978529,-0.078985252,0.0366654264,-0.0628352339,0.0235884367,-0.0481792697,0.0075498884,-0.0300051595,-0.0072438477,-0.0085336782,-0.0250266752,0.0206034956,-0.0314737514,0.048033399,-0.031124604,0.0757461563,-0.0263914015,0.0999963162,-0.0116792914,0.118582016,0.0087189168,0.1273816903,0.0342888836,0.1343814753,0.0604035408,0.1338653439,0.0862605543,0.1346968543,0.1115083574,0.1375270965,0.1345758111,0.1243479756,0.1558785829,0.1336137616,0.1881691261,-0.2306094921,0.08740847,-0.2183108477,0.0497612884,-0.2052103791,0.02779627,-0.1906973788,0.005787671,-0.1753708661,-0.0155325132,-0.1572134753,-0.0348563643,-0.1394328672,-0.054652291,-0.1201736387,-0.0732102544,-0.1010065912,-0.0944511758,-0.0736808842,-0.1084135568,-0.0455518328,-0.1197495911,-0.0148432067,-0.1235270686,0.0138729833,-0.1200575791,0.0411693216,-0.1149123829,0.0686548471,-0.110973865,0.0975799288,-0.1051200487,0.1221646015,-0.0885243916,0.1433016946,-0.0700567813,0.1642970132,-0.0514606959,0.1796760641,-0.0295738505,0.1900018694,-0.0061038373,0.2027841812,0.0277000176
-0.1436464724,0.1094601646,-0.1335433733,0.1004906642,-0.11857673,0.0836565378,-0.1048059842,0.0677821964,-0.0939679019,0.0510247671,-0.078567098,0.0379557979,-0.0621907169,0.024981665,-0.0467997969,0.0095789486,-0.0287000142,-0.0052484396,-0.0069373438,-0.0214084879,0.0209209385,-0.0275738854,0.0474015913,-0.0262737948,0.0740215921,-0.0233693176,0.099694493,-0.0116219953,0.1186110909,0.0091335002,0.1267014355,0.0347331002,0.1306144818,0.0608529364,0.1288995147,0.0861994369,0.1280923706,0.111367527,0.1281976757,0.1328760055,0.1163785545,0.1582890644,0.1317925111,0.1875488767,-0.2308461634,0.0826412324,-0.2236961108,0.0476852158,-0.2091136186,0.026428731,-0.1911902029,0.0061537401,-0.1773486569,-0.0166033514,-0.1591659488,-0.0361893745,-0.1398063697,-0.0546650605,-0.1200054147,-0.0735931516,-0.0976865756,-0.0890999169,-0.0757192836,-0.1094700196,-0.0449667764,-0.1179603122,-0.0156937045,-0.1230291721,0.0137225706,-0.1220322173,0.0416764675,-0.1167765215,0.0691238797,-0.1102819413,0.0956634357,-0.1002747991,0.1211584977,-0.0879951547,0.1458625884,-0.0734660942,0.1679051129,-0.0549914383,0.1887910364,-0.0344637007,0.1969956791,-0.0081681901,0.2107487396,0.0157162286
-0.1835455365,0.1194412965,-0.1423166963,0.0846434252,-0.1246471735,0.0723275201,-0.1079576052,0.0615746022,-0.0919415626,0.0499339599,-0.0753224521,0.0388968958,-0.0589620752,0.0268498632,-0.0412125882,0.0153643602,-0.0224235939,0.0033791752,-0.0016901841,-0.006852742,0.0212589064,-0.0127406985,0.0446593305,-0.0166266614,0.0682452313,-0.017018541,0.0927329546,-0.0127371409,0.1162293376,0.0018706882,0.1318122124,0.0263012762,0.1411896476,0.05363966,0.1438643873,0.0811978597,0.1417996362,0.1070213484,0.1318990684,0.1285055168,0.1292051403,0.1497768459,0.1473391655,0.1737496493,-0.2553052223,0.057604285,-0.2328870316,0.034318942,-0.2130253979,0.0160113564,-0.1923370923,0.0001606903,-0.1745329037,-0.0189856144,-0.1564465661,-0.0376985028,-0.1347457679,-0.0518963333,-0.1126858027,-0.0664348354,-0.0906066413,-0.0806977078,-0.0664857466,-0.0917180235,-0.0419242376,-0.1012982989,-0.0155977614,-0.1045454733,0.0108514915,-0.1079878678,0.0371624064,-0.1077370713,0.0635820106,-0.1038284206,0.0900639272,-0.0986190388,0.1161727177,-0.0898043128,0.1404243653,-0.0758322808,0.1643482329,-0.0599746529,0.1827833069,-0.0382678444,0.2009047926,-0.0168634887,0.2200713694,0.0155963352
-0.1582673192,0.1345770885,-0.1249061681,0.0987800086,-0.1118681264,0.080230775,-0.1000762739,0.064620427,-0.0870482683,0.0502565823,-0.072412303,0.037521997,-0.0549631697,0.0269504131,-0.0366708412,0.0133801464,-0.021573827,-0.0036739172,-0.0010131431,-0.0179327944,0.0239621913,-0.0230266654,0.0480939608,-0.0204244099,0.0713772279,-0.0140458496,0.0930995242,-0.0033771465,0.1128013815,0.0105057224,0.1265200274,0.0308979822,0.1311468717,0.0561464597,0.1328330601,0.0814333482,0.1329941592,0.1048474813,0.1294134251,0.1278353885,0.1272825975,0.1524609003,0.1386430864,0.1710826879,-0.2611036568,0.1116907603,-0.2370019389,0.0360885184,-0.2132219539,0.0146263712,-0.1944961586,-0.0034259734,-0.1777035338,-0.0235262291,-0.1594028454,-0.0435003528,-0.1385034837,-0.0605494073,-0.1177872353,-0.0781032582,-0.094442901,-0.0940020526,-0.0683031865,-0.1059766288,-0.0409295254,-0.1139687354,-0.0130284638,-0.1178105189,0.0147399515,-0.1188354731,0.0425011123,-0.1165473225,0.069266619,-0.1095333328,0.0951886767,-0.1000418914,0.1210196485,-0.0896948321,0.1435204068,-0.0730939356,0.1610291155,-0.0517343663,0.1804926979,-0.0337993809,0.1864167964,-0.0091942198,0.2023817852,0.0218856358
-0.1561553079,0.1229744392,-0.1295677765,0.0999705608,-0.112897153,0.0858683873,-0.0973680643,0.0721624974,-0.083955524,0.0596078143,-0.0680979594,0.0512322499,-0.0454761555,0.0387207295,-0.0317162714,0.018605215,-0.0178898551,0.0055955441,0.0021253244,-0.0037926004,0.0252844645,-0.0094576931,0.0481331973,-0.0134128647,0.0707737121,-0.0112494887,0.0929011828,-0.0035316398,0.1112544715,0.0110992103,0.1195758268,0.0326764992,0.1202005038,0.0568724224,0.1193555239,0.0810099218,0.1162815496,0.1009172095,0.1078478908,0.1255340065,0.1065297545,0.1582813362,0.1165620623,0.1663914355,-0.2488519826,0.0974609023,-0.2272278071,0.0423053312,-0.2115554357,0.0197584658,-0.1966555683,-0.0024737037,-0.1791452616,-0.0228292521,-0.1608945427,-0.04284472,-0.1396889932,-0.0598446256,-0.1188475013,-0.0758311463,-0.0993226628,-0.0963895665,-0.0713965211,-0.1096102236,-0.043379997,-0.1179310506,-0.0145323822,-0.1228057818,0.0139298616,-0.1217929757,0.0416203712,-0.1195939056,0.0690633621,-0.1164856588,0.0982866861,-0.1122746079,0.1255283533,-0.0990466078,0.1517714721,-0.0842965438,0.174152146,-0.0633291998,0.1916383049,-0.0413209515,0.2129956841,-0.0185902147,0.218811017,0.0216908439
-0.1679159188,0.1275532733,-0.1346718099,0.0913663506,-0.1201285215,0.0752405507,-0.1062023625,0.0607319349,-0.090368672,0.0485403968,-0.074423522,0.0351863481,-0.0637506901,0.0180927107,-0.049032878,0.0015676724,-0.0287008613,-0.0146867361,-0.0027773891,-0.0212853572,0.0224096241,-0.0252966089,0.0472050277,-0.0235020498,0.0694684424,-0.0146556402,0.0896179708,-0.0018860923,0.1077742546,0.0140267192,0.1229884327,0.0335312761,0.1342729142,0.0568160719,0.1436570959,0.0800980511,0.1521503357,0.1013399689,0.162073719,0.1242732457,0.161741591,0.1458722182,0.1715541675,0.1768031316,-0.2562198333,0.0799727884,-0.2347795444,0.0362892691,-0.2178665724,0.0123648319,-0.1983943306,-0.0069397492,-0.1801301337,-0.0261612636,-0.1599178911,-0.0445485988,-0.1374186449,-0.0590803724,-0.1153526113,-0.0743385311,-0.0915046845,-0.0872808207,-0.0664544154,-0.0982768925,-0.0400971188,-0.1046464548,-0.0131366314,-0.1079548188,0.0132531653,-0.1101165379,0.0395443271,-0.1047586402,0.0660094223,-0.1017607385,0.0899254081,-0.0906051946,0.1138013102,-0.0800399715,0.1318839883,-0.0621284367,0.1517344466,-0.0421286631,0.1719410023,-0.0247525173,0.1874947213,-0.0039356644,0.1987436699,0.0110995409
-0.152202757,0.1177525384,-0.1305829242,0.0975342522,-0.1136906207,0.0833736233,-0.0994049705,0.0685494696,-0.0841201227,0.0547925691,-0.0718859615,0.0400204722,-0.0522748395,0.0292106768,-0.0420549438,0.0091945609,-0.0290853557,-0.0098046748,-0.0046523279,-0.0252513498,0.0231102189,-0.0269206531,0.0465880534,-0.0201198128,0.0697612852,-0.013523538,0.0897249985,0.0002125817,0.1098310565,0.0127876623,0.1206068893,0.0341012366,0.1299887308,0.0586313436,0.136744573,0.0829660525,0.1407171142,0.1067201906,0.1429878584,0.1298438267,0.143359359,0.1481624628,0.1625200334,0.1804245179,-0.2529041705,0.082857252,-0.2322369154,0.0396463958,-0.2190371143,0.0146872255,-0.2011547983,-0.0078110258,-0.1806831274,-0.0267025303,-0.1593588031,-0.0428947531,-0.1379735983,-0.0582185065,-0.1171623035,-0.0749202267,-0.0958252318,-0.0914428543,-0.0723076293,-0.108909263,-0.0430880743,-0.1182326643,-0.013809563,-0.1214651616,0.0142300928,-0.1182343737,0.0400134002,-0.1095458011,0.0667991839,-0.1039777518,0.0916116425,-0.0941861606,0.1143147517,-0.0797101708,0.1371125465,-0.0652008138,0.1572615002,-0.0468963933,0.1770011293,-0.0303761953,0.1880806518,-0.0046533749,0.203131083,0.007529139
-0.1481856258,0.1401976656,-0.1214363996,0.1014736381,-0.1102939436,0.0822150391,-0.1009915772,0.0660839615,-0.0875252803,0.0517856073,-0.0755514539,0.0357231281,-0.0610274056,0.0213849698,-0.0422528061,0.0102945157,-0.0230970546,-0.0028281438,-0.0029270017,-0.0182906918,0.0228226962,-0.0258418893,0.0483972417,-0.0234151765,0.074104266,-0.0210961269,0.0956129558,-0.0070660605,0.1138833847,0.0101809024,0.1230352939,0.0334925851,0.1281556014,0.0597891983,0.1339824532,0.0846287891,0.1342210027,0.1085070177,0.1347989376,0.1316186299,0.1301620595,0.1526235755,0.1238634461,0.1749203804,-0.2478188785,0.1014856759,-0.2300845923,0.0412680697,-0.2109213582,0.0201766738,-0.1933836361,4.69215135963652E-005,-0.1772855621,-0.0208866432,-0.160578003,-0.0419678872,-0.1408689832,-0.0599608214,-0.1225629237,-0.0810154409,-0.0972446693,-0.0973271874,-0.0711375932,-0.1084334984,-0.0445931466,-0.1212970264,-0.0139864177,-0.1262146794,0.0157201148,-0.1250161751,0.0432771022,-0.1180350602,0.0696929115,-0.1098227722,0.096146973,-0.1006530893,0.1201676007,-0.0864139757,0.1414256962,-0.06904147,0.1589630916,-0.0481841717,0.1772830733,-0.0269394708,0.1948240514,-0.0084051407,0.2032143586,0.0202556541
-0.1801102674,0.1211387314,-0.1431565623,0.0835920848,-0.1278877736,0.0679766445,-0.1127342851,0.0538879765,-0.0966326276,0.0413433341,-0.0799238628,0.0295947917,-0.06162927,0.0205617749,-0.0436921679,0.0086718732,-0.0236834815,-0.001943007,-0.0011168949,-0.0104330626,0.0215350532,-0.0168438765,0.0436809428,-0.0131148947,0.0663348093,-0.0076867952,0.0876946698,0.0026669666,0.1085445842,0.0136377151,0.124873241,0.0310428756,0.1330290905,0.0561683302,0.141145159,0.0802585979,0.1493490184,0.1031592194,0.1528487425,0.1281852104,0.1514890797,0.1443690061,0.1661421036,0.171731641,-0.2586192331,0.0705153882,-0.2295738168,0.0372364218,-0.2078536705,0.0213130986,-0.1896376347,0.001619293,-0.174854304,-0.0201012927,-0.1556568097,-0.0380761049,-0.1377771441,-0.0576686867,-0.1152210407,-0.0727895654,-0.0912465367,-0.0847152664,-0.066050973,-0.0947911878,-0.0412318971,-0.1061074882,-0.014757418,-0.1113575981,0.0118428534,-0.1097881231,0.0386701724,-0.1066697836,0.0650795102,-0.1023468568,0.0904129048,-0.0946873538,0.1131030518,-0.0809202317,0.1353248106,-0.0653147102,0.1574125375,-0.0482774842,0.180964745,-0.0345073613,0.1994279664,-0.0140522949,0.2141426254,0.0035220509
